{"data": [{"date": "2023-10-14", "cases": 21.4, "hospital": null, "deaths": null}, {"date": "2023-10-13", "cases": 22.5, "hospital": 7.0, "deaths": null}, {"date": "2023-10-12", "cases": 23.7, "hospital": 7.1, "deaths": null}, {"date": "2023-10-11", "cases": 25.0, "hospital": 7.4, "deaths": null}, {"date": "2023-10-10", "cases": 26.0, "hospital": 7.6, "deaths": null}, {"date": "2023-10-09", "cases": 27.2, "hospital": 7.6, "deaths": null}, {"date": "2023-10-08", "cases": 28.0, "hospital": 7.7, "deaths": null}, {"date": "2023-10-07", "cases": 28.5, "hospital": 7.7, "deaths": null}, {"date": "2023-10-06", "cases": 29.0, "hospital": 7.6, "deaths": null}, {"date": "2023-10-05", "cases": 29.0, "hospital": 7.6, "deaths": null}, {"date": "2023-10-04", "cases": 29.1, "hospital": 7.4, "deaths": null}, {"date": "2023-10-03", "cases": 29.5, "hospital": 7.4, "deaths": null}, {"date": "2023-10-02", "cases": 29.6, "hospital": 7.3, "deaths": null}, {"date": "2023-10-01", "cases": 29.4, "hospital": 7.1, "deaths": null}, {"date": "2023-09-30", "cases": 28.8, "hospital": 6.9, "deaths": null}, {"date": "2023-09-29", "cases": 28.1, "hospital": 6.8, "deaths": null}, {"date": "2023-09-28", "cases": 27.4, "hospital": 6.7, "deaths": null}, {"date": "2023-09-27", "cases": 26.5, "hospital": 6.4, "deaths": null}, {"date": "2023-09-26", "cases": 25.1, "hospital": 6.2, "deaths": null}, {"date": "2023-09-25", "cases": 23.8, "hospital": 5.9, "deaths": null}, {"date": "2023-09-24", "cases": 22.7, "hospital": 5.6, "deaths": null}, {"date": "2023-09-23", "cases": 22.0, "hospital": 5.5, "deaths": null}, {"date": "2023-09-22", "cases": 21.6, "hospital": 5.4, "deaths": 29}, {"date": "2023-09-21", "cases": 20.9, "hospital": 5.3, "deaths": 28}, {"date": "2023-09-20", "cases": 20.4, "hospital": 5.1, "deaths": 30}, {"date": "2023-09-19", "cases": 19.8, "hospital": 4.9, "deaths": 30}, {"date": "2023-09-18", "cases": 19.3, "hospital": 4.9, "deaths": 33}, {"date": "2023-09-17", "cases": 19.1, "hospital": 4.8, "deaths": 28}, {"date": "2023-09-16", "cases": 19.1, "hospital": 4.9, "deaths": 19}, {"date": "2023-09-15", "cases": 19.1, "hospital": 4.9, "deaths": 33}, {"date": "2023-09-14", "cases": 19.5, "hospital": 5.0, "deaths": 35}, {"date": "2023-09-13", "cases": 19.8, "hospital": 5.2, "deaths": 35}, {"date": "2023-09-12", "cases": 20.4, "hospital": 5.4, "deaths": 32}, {"date": "2023-09-11", "cases": 20.8, "hospital": 5.5, "deaths": 30}, {"date": "2023-09-10", "cases": 21.0, "hospital": 5.7, "deaths": 39}, {"date": "2023-09-09", "cases": 21.1, "hospital": 5.9, "deaths": 34}, {"date": "2023-09-08", "cases": 21.1, "hospital": 5.8, "deaths": 42}, {"date": "2023-09-07", "cases": 21.0, "hospital": 5.8, "deaths": 28}, {"date": "2023-09-06", "cases": 20.6, "hospital": 5.6, "deaths": 38}, {"date": "2023-09-05", "cases": 19.9, "hospital": 5.5, "deaths": 34}, {"date": "2023-09-04", "cases": 19.0, "hospital": 5.3, "deaths": 26}, {"date": "2023-09-03", "cases": 17.4, "hospital": 5.1, "deaths": 32}, {"date": "2023-09-02", "cases": 16.1, "hospital": 4.7, "deaths": 28}, {"date": "2023-09-01", "cases": 15.3, "hospital": 4.5, "deaths": 19}, {"date": "2023-08-31", "cases": 14.4, "hospital": 4.3, "deaths": 17}, {"date": "2023-08-30", "cases": 13.8, "hospital": 4.3, "deaths": 27}, {"date": "2023-08-29", "cases": 13.1, "hospital": 4.1, "deaths": 23}, {"date": "2023-08-28", "cases": 12.7, "hospital": 4.0, "deaths": 17}, {"date": "2023-08-27", "cases": 12.9, "hospital": 4.0, "deaths": 25}, {"date": "2023-08-26", "cases": 13.0, "hospital": 4.1, "deaths": 18}, {"date": "2023-08-25", "cases": 13.0, "hospital": 4.0, "deaths": 26}, {"date": "2023-08-24", "cases": 13.0, "hospital": 4.0, "deaths": 24}, {"date": "2023-08-23", "cases": 12.9, "hospital": 4.0, "deaths": 19}, {"date": "2023-08-22", "cases": 12.9, "hospital": 4.0, "deaths": 22}, {"date": "2023-08-21", "cases": 12.7, "hospital": 3.9, "deaths": 24}, {"date": "2023-08-20", "cases": 12.6, "hospital": 3.9, "deaths": 23}, {"date": "2023-08-19", "cases": 12.6, "hospital": 3.9, "deaths": 34}, {"date": "2023-08-18", "cases": 12.6, "hospital": 4.0, "deaths": 22}, {"date": "2023-08-17", "cases": 12.5, "hospital": 4.0, "deaths": 25}, {"date": "2023-08-16", "cases": 12.4, "hospital": 4.0, "deaths": 22}, {"date": "2023-08-15", "cases": 12.3, "hospital": 4.0, "deaths": 13}, {"date": "2023-08-14", "cases": 12.3, "hospital": 4.0, "deaths": 20}, {"date": "2023-08-13", "cases": 12.2, "hospital": 4.0, "deaths": 14}, {"date": "2023-08-12", "cases": 11.9, "hospital": 3.9, "deaths": 26}, {"date": "2023-08-11", "cases": 11.6, "hospital": 3.8, "deaths": 18}, {"date": "2023-08-10", "cases": 11.3, "hospital": 3.7, "deaths": 29}, {"date": "2023-08-09", "cases": 11.0, "hospital": 3.7, "deaths": 11}, {"date": "2023-08-08", "cases": 10.6, "hospital": 3.6, "deaths": 11}, {"date": "2023-08-07", "cases": 10.2, "hospital": 3.5, "deaths": 9}, {"date": "2023-08-06", "cases": 9.9, "hospital": 3.3, "deaths": 15}, {"date": "2023-08-05", "cases": 9.8, "hospital": 3.2, "deaths": 15}, {"date": "2023-08-04", "cases": 9.7, "hospital": 3.2, "deaths": 10}, {"date": "2023-08-03", "cases": 9.4, "hospital": 3.1, "deaths": 10}, {"date": "2023-08-02", "cases": 9.1, "hospital": 3.0, "deaths": 14}, {"date": "2023-08-01", "cases": 8.8, "hospital": 2.9, "deaths": 16}, {"date": "2023-07-31", "cases": 8.4, "hospital": 2.8, "deaths": 13}, {"date": "2023-07-30", "cases": 8.0, "hospital": 2.8, "deaths": 6}, {"date": "2023-07-29", "cases": 7.6, "hospital": 2.6, "deaths": 9}, {"date": "2023-07-28", "cases": 7.2, "hospital": 2.5, "deaths": 14}, {"date": "2023-07-27", "cases": 6.9, "hospital": 2.5, "deaths": 10}, {"date": "2023-07-26", "cases": 6.6, "hospital": 2.3, "deaths": 15}, {"date": "2023-07-25", "cases": 6.4, "hospital": 2.3, "deaths": 9}, {"date": "2023-07-24", "cases": 6.1, "hospital": 2.2, "deaths": 7}, {"date": "2023-07-23", "cases": 5.9, "hospital": 2.0, "deaths": 10}, {"date": "2023-07-22", "cases": 5.7, "hospital": 1.9, "deaths": 5}, {"date": "2023-07-21", "cases": 5.6, "hospital": 1.8, "deaths": 9}, {"date": "2023-07-20", "cases": 5.4, "hospital": 1.8, "deaths": 3}, {"date": "2023-07-19", "cases": 5.2, "hospital": 1.7, "deaths": 10}, {"date": "2023-07-18", "cases": 5.1, "hospital": 1.6, "deaths": 8}, {"date": "2023-07-17", "cases": 5.0, "hospital": 1.6, "deaths": 6}, {"date": "2023-07-16", "cases": 5.0, "hospital": 1.7, "deaths": 6}, {"date": "2023-07-15", "cases": 5.0, "hospital": 1.7, "deaths": 6}, {"date": "2023-07-14", "cases": 4.9, "hospital": 1.6, "deaths": 2}, {"date": "2023-07-13", "cases": 4.9, "hospital": 1.6, "deaths": 11}, {"date": "2023-07-12", "cases": 4.8, "hospital": 1.6, "deaths": 6}, {"date": "2023-07-11", "cases": 4.6, "hospital": 1.6, "deaths": 6}, {"date": "2023-07-10", "cases": 4.4, "hospital": 1.5, "deaths": 9}, {"date": "2023-07-09", "cases": 4.2, "hospital": 1.5, "deaths": 6}, {"date": "2023-07-08", "cases": 4.0, "hospital": 1.4, "deaths": 5}, {"date": "2023-07-07", "cases": 3.8, "hospital": 1.3, "deaths": 7}, {"date": "2023-07-06", "cases": 3.6, "hospital": 1.3, "deaths": 11}, {"date": "2023-07-05", "cases": 3.5, "hospital": 1.3, "deaths": 11}, {"date": "2023-07-04", "cases": 3.4, "hospital": 1.3, "deaths": 7}, {"date": "2023-07-03", "cases": 3.4, "hospital": 1.2, "deaths": 7}, {"date": "2023-07-02", "cases": 3.3, "hospital": 1.2, "deaths": 12}, {"date": "2023-07-01", "cases": 3.4, "hospital": 1.2, "deaths": 9}, {"date": "2023-06-30", "cases": 3.4, "hospital": 1.3, "deaths": 17}, {"date": "2023-06-29", "cases": 3.5, "hospital": 1.3, "deaths": 11}, {"date": "2023-06-28", "cases": 3.7, "hospital": 1.3, "deaths": 4}, {"date": "2023-06-27", "cases": 3.8, "hospital": 1.3, "deaths": 13}, {"date": "2023-06-26", "cases": 4.0, "hospital": 1.4, "deaths": 10}, {"date": "2023-06-25", "cases": 4.2, "hospital": 1.5, "deaths": 19}, {"date": "2023-06-24", "cases": 4.3, "hospital": 1.6, "deaths": 11}, {"date": "2023-06-23", "cases": 4.4, "hospital": 1.6, "deaths": 11}, {"date": "2023-06-22", "cases": 4.5, "hospital": 1.7, "deaths": 9}, {"date": "2023-06-21", "cases": 4.6, "hospital": 1.7, "deaths": 14}, {"date": "2023-06-20", "cases": 4.8, "hospital": 1.9, "deaths": 17}, {"date": "2023-06-19", "cases": 5.0, "hospital": 2.0, "deaths": 16}, {"date": "2023-06-18", "cases": 5.2, "hospital": 2.2, "deaths": 14}, {"date": "2023-06-17", "cases": 5.5, "hospital": 2.4, "deaths": 14}, {"date": "2023-06-16", "cases": 5.6, "hospital": 2.5, "deaths": 19}, {"date": "2023-06-15", "cases": 5.9, "hospital": 2.6, "deaths": 19}, {"date": "2023-06-14", "cases": 6.2, "hospital": 2.7, "deaths": 22}, {"date": "2023-06-13", "cases": 6.6, "hospital": 2.8, "deaths": 21}, {"date": "2023-06-12", "cases": 7.0, "hospital": 2.9, "deaths": 25}, {"date": "2023-06-11", "cases": 7.4, "hospital": 3.0, "deaths": 25}, {"date": "2023-06-10", "cases": 7.6, "hospital": 3.0, "deaths": 20}, {"date": "2023-06-09", "cases": 7.7, "hospital": 3.0, "deaths": 19}, {"date": "2023-06-08", "cases": 7.9, "hospital": 3.0, "deaths": 22}, {"date": "2023-06-07", "cases": 8.1, "hospital": 3.1, "deaths": 19}, {"date": "2023-06-06", "cases": 8.3, "hospital": 3.1, "deaths": 21}, {"date": "2023-06-05", "cases": 8.4, "hospital": 3.2, "deaths": 17}, {"date": "2023-06-04", "cases": 8.3, "hospital": 3.2, "deaths": 23}, {"date": "2023-06-03", "cases": 8.2, "hospital": 3.2, "deaths": 30}, {"date": "2023-06-02", "cases": 8.4, "hospital": 3.3, "deaths": 20}, {"date": "2023-06-01", "cases": 8.6, "hospital": 3.4, "deaths": 28}, {"date": "2023-05-31", "cases": 8.9, "hospital": 3.4, "deaths": 20}, {"date": "2023-05-30", "cases": 9.1, "hospital": 3.5, "deaths": 29}, {"date": "2023-05-29", "cases": 9.5, "hospital": 3.6, "deaths": 21}, {"date": "2023-05-28", "cases": 10.2, "hospital": 3.8, "deaths": 21}, {"date": "2023-05-27", "cases": 10.7, "hospital": 3.9, "deaths": 31}, {"date": "2023-05-26", "cases": 10.9, "hospital": 3.9, "deaths": 33}, {"date": "2023-05-25", "cases": 11.2, "hospital": 4.0, "deaths": 21}, {"date": "2023-05-24", "cases": 11.5, "hospital": 4.0, "deaths": 30}, {"date": "2023-05-23", "cases": 11.6, "hospital": 4.0, "deaths": 30}, {"date": "2023-05-22", "cases": 11.7, "hospital": 4.0, "deaths": 35}, {"date": "2023-05-21", "cases": 11.8, "hospital": 4.0, "deaths": 24}, {"date": "2023-05-20", "cases": 12.0, "hospital": 4.1, "deaths": 25}, {"date": "2023-05-19", "cases": 12.1, "hospital": 4.1, "deaths": 42}, {"date": "2023-05-18", "cases": 12.3, "hospital": 4.2, "deaths": 32}, {"date": "2023-05-17", "cases": 12.7, "hospital": 4.3, "deaths": 45}, {"date": "2023-05-16", "cases": 13.1, "hospital": 4.5, "deaths": 43}, {"date": "2023-05-15", "cases": 13.8, "hospital": 4.6, "deaths": 27}, {"date": "2023-05-14", "cases": 14.1, "hospital": 4.8, "deaths": 26}, {"date": "2023-05-13", "cases": 14.3, "hospital": 4.8, "deaths": 27}, {"date": "2023-05-12", "cases": 14.6, "hospital": 5.0, "deaths": 41}, {"date": "2023-05-11", "cases": 15.0, "hospital": 5.2, "deaths": 46}, {"date": "2023-05-10", "cases": 15.5, "hospital": 5.2, "deaths": 34}, {"date": "2023-05-09", "cases": 16.0, "hospital": 5.2, "deaths": 32}, {"date": "2023-05-08", "cases": 16.5, "hospital": 5.3, "deaths": 34}, {"date": "2023-05-07", "cases": 17.1, "hospital": 5.4, "deaths": 45}, {"date": "2023-05-06", "cases": 17.3, "hospital": 5.5, "deaths": 37}, {"date": "2023-05-05", "cases": 17.8, "hospital": 5.6, "deaths": 39}, {"date": "2023-05-04", "cases": 18.1, "hospital": 5.6, "deaths": 42}, {"date": "2023-05-03", "cases": 18.2, "hospital": 5.7, "deaths": 43}, {"date": "2023-05-02", "cases": 18.3, "hospital": 5.9, "deaths": 43}, {"date": "2023-05-01", "cases": 18.0, "hospital": 5.9, "deaths": 44}, {"date": "2023-04-30", "cases": 18.1, "hospital": 5.9, "deaths": 34}, {"date": "2023-04-29", "cases": 18.4, "hospital": 6.1, "deaths": 41}, {"date": "2023-04-28", "cases": 18.4, "hospital": 6.2, "deaths": 39}, {"date": "2023-04-27", "cases": 18.3, "hospital": 6.2, "deaths": 42}, {"date": "2023-04-26", "cases": 18.3, "hospital": 6.1, "deaths": 51}, {"date": "2023-04-25", "cases": 18.5, "hospital": 6.2, "deaths": 44}, {"date": "2023-04-24", "cases": 18.9, "hospital": 6.3, "deaths": 41}, {"date": "2023-04-23", "cases": 19.5, "hospital": 6.5, "deaths": 54}, {"date": "2023-04-22", "cases": 20.1, "hospital": 6.5, "deaths": 45}, {"date": "2023-04-21", "cases": 20.3, "hospital": 6.7, "deaths": 74}, {"date": "2023-04-20", "cases": 20.6, "hospital": 6.8, "deaths": 54}, {"date": "2023-04-19", "cases": 21.3, "hospital": 7.0, "deaths": 64}, {"date": "2023-04-18", "cases": 21.9, "hospital": 7.1, "deaths": 54}, {"date": "2023-04-17", "cases": 22.8, "hospital": 7.4, "deaths": 52}, {"date": "2023-04-16", "cases": 22.9, "hospital": 7.5, "deaths": 58}, {"date": "2023-04-15", "cases": 22.7, "hospital": 7.6, "deaths": 60}, {"date": "2023-04-14", "cases": 23.1, "hospital": 7.6, "deaths": 63}, {"date": "2023-04-13", "cases": 23.2, "hospital": 7.7, "deaths": 75}, {"date": "2023-04-12", "cases": 23.4, "hospital": 7.7, "deaths": 63}, {"date": "2023-04-11", "cases": 23.7, "hospital": 7.9, "deaths": 57}, {"date": "2023-04-10", "cases": 23.5, "hospital": 8.1, "deaths": 67}, {"date": "2023-04-09", "cases": 24.1, "hospital": 8.1, "deaths": 55}, {"date": "2023-04-08", "cases": 25.2, "hospital": 8.4, "deaths": 59}, {"date": "2023-04-07", "cases": 26.1, "hospital": 8.8, "deaths": 76}, {"date": "2023-04-06", "cases": 27.7, "hospital": 9.1, "deaths": 88}, {"date": "2023-04-05", "cases": 29.7, "hospital": 9.5, "deaths": 51}, {"date": "2023-04-04", "cases": 31.8, "hospital": 9.9, "deaths": 83}, {"date": "2023-04-03", "cases": 34.3, "hospital": 10.2, "deaths": 79}, {"date": "2023-04-02", "cases": 36.9, "hospital": 10.4, "deaths": 61}, {"date": "2023-04-01", "cases": 38.5, "hospital": 10.5, "deaths": 60}, {"date": "2023-03-31", "cases": 39.6, "hospital": 10.5, "deaths": 62}, {"date": "2023-03-30", "cases": 41.8, "hospital": 10.6, "deaths": 88}, {"date": "2023-03-29", "cases": 43.5, "hospital": 10.9, "deaths": 78}, {"date": "2023-03-28", "cases": 45.0, "hospital": 10.9, "deaths": 95}, {"date": "2023-03-27", "cases": 47.1, "hospital": 11.2, "deaths": 85}, {"date": "2023-03-26", "cases": 48.5, "hospital": 11.4, "deaths": 69}, {"date": "2023-03-25", "cases": 49.4, "hospital": 11.8, "deaths": 94}, {"date": "2023-03-24", "cases": 50.0, "hospital": 12.0, "deaths": 94}, {"date": "2023-03-23", "cases": 50.0, "hospital": 12.1, "deaths": 90}, {"date": "2023-03-22", "cases": 50.7, "hospital": 12.3, "deaths": 85}, {"date": "2023-03-21", "cases": 50.8, "hospital": 12.2, "deaths": 102}, {"date": "2023-03-20", "cases": 51.3, "hospital": 12.3, "deaths": 74}, {"date": "2023-03-19", "cases": 52.3, "hospital": 12.6, "deaths": 77}, {"date": "2023-03-18", "cases": 52.9, "hospital": 12.6, "deaths": 83}, {"date": "2023-03-17", "cases": 52.9, "hospital": 12.7, "deaths": 94}, {"date": "2023-03-16", "cases": 52.7, "hospital": 12.6, "deaths": 82}, {"date": "2023-03-15", "cases": 52.0, "hospital": 12.4, "deaths": 91}, {"date": "2023-03-14", "cases": 51.9, "hospital": 12.6, "deaths": 82}, {"date": "2023-03-13", "cases": 50.8, "hospital": 12.5, "deaths": 86}, {"date": "2023-03-12", "cases": 49.5, "hospital": 12.2, "deaths": 82}, {"date": "2023-03-11", "cases": 48.0, "hospital": 11.9, "deaths": 81}, {"date": "2023-03-10", "cases": 47.1, "hospital": 11.6, "deaths": 77}, {"date": "2023-03-09", "cases": 46.8, "hospital": 11.6, "deaths": 78}, {"date": "2023-03-08", "cases": 46.1, "hospital": 11.5, "deaths": 80}, {"date": "2023-03-07", "cases": 45.5, "hospital": 11.3, "deaths": 78}, {"date": "2023-03-06", "cases": 44.9, "hospital": 11.1, "deaths": 77}, {"date": "2023-03-05", "cases": 44.5, "hospital": 10.9, "deaths": 83}, {"date": "2023-03-04", "cases": 44.0, "hospital": 11.0, "deaths": 84}, {"date": "2023-03-03", "cases": 44.0, "hospital": 10.9, "deaths": 63}, {"date": "2023-03-02", "cases": 43.4, "hospital": 10.8, "deaths": 90}, {"date": "2023-03-01", "cases": 43.2, "hospital": 10.6, "deaths": 63}, {"date": "2023-02-28", "cases": 43.0, "hospital": 10.4, "deaths": 71}, {"date": "2023-02-27", "cases": 43.4, "hospital": 10.5, "deaths": 70}, {"date": "2023-02-26", "cases": 43.8, "hospital": 10.5, "deaths": 77}, {"date": "2023-02-25", "cases": 44.7, "hospital": 10.6, "deaths": 65}, {"date": "2023-02-24", "cases": 45.4, "hospital": 10.6, "deaths": 71}, {"date": "2023-02-23", "cases": 46.6, "hospital": 10.8, "deaths": 68}, {"date": "2023-02-22", "cases": 47.5, "hospital": 11.0, "deaths": 78}, {"date": "2023-02-21", "cases": 47.6, "hospital": 11.2, "deaths": 55}, {"date": "2023-02-20", "cases": 47.6, "hospital": 11.1, "deaths": 68}, {"date": "2023-02-19", "cases": 47.6, "hospital": 11.0, "deaths": 52}, {"date": "2023-02-18", "cases": 46.7, "hospital": 11.0, "deaths": 65}, {"date": "2023-02-17", "cases": 45.8, "hospital": 10.9, "deaths": 71}, {"date": "2023-02-16", "cases": 44.5, "hospital": 10.7, "deaths": 68}, {"date": "2023-02-15", "cases": 42.8, "hospital": 10.4, "deaths": 55}, {"date": "2023-02-14", "cases": 41.8, "hospital": 10.1, "deaths": 69}, {"date": "2023-02-13", "cases": 40.1, "hospital": 9.9, "deaths": 46}, {"date": "2023-02-12", "cases": 38.5, "hospital": 9.7, "deaths": 56}, {"date": "2023-02-11", "cases": 37.9, "hospital": 9.5, "deaths": 57}, {"date": "2023-02-10", "cases": 37.6, "hospital": 9.3, "deaths": 69}, {"date": "2023-02-09", "cases": 37.1, "hospital": 9.2, "deaths": 49}, {"date": "2023-02-08", "cases": 37.0, "hospital": 9.0, "deaths": 63}, {"date": "2023-02-07", "cases": 36.7, "hospital": 9.1, "deaths": 60}, {"date": "2023-02-06", "cases": 36.5, "hospital": 8.9, "deaths": 49}, {"date": "2023-02-05", "cases": 35.9, "hospital": 8.8, "deaths": 65}, {"date": "2023-02-04", "cases": 35.3, "hospital": 8.7, "deaths": 52}, {"date": "2023-02-03", "cases": 34.5, "hospital": 8.5, "deaths": 58}, {"date": "2023-02-02", "cases": 33.7, "hospital": 8.5, "deaths": 69}, {"date": "2023-02-01", "cases": 32.6, "hospital": 8.4, "deaths": 60}, {"date": "2023-01-31", "cases": 31.2, "hospital": 8.3, "deaths": 56}, {"date": "2023-01-30", "cases": 29.9, "hospital": 8.2, "deaths": 56}, {"date": "2023-01-29", "cases": 28.3, "hospital": 8.0, "deaths": 64}, {"date": "2023-01-28", "cases": 27.4, "hospital": 7.7, "deaths": 62}, {"date": "2023-01-27", "cases": 26.7, "hospital": 7.6, "deaths": 68}, {"date": "2023-01-26", "cases": 25.7, "hospital": 7.4, "deaths": 63}, {"date": "2023-01-25", "cases": 24.8, "hospital": 7.4, "deaths": 54}, {"date": "2023-01-24", "cases": 23.8, "hospital": 7.2, "deaths": 71}, {"date": "2023-01-23", "cases": 22.9, "hospital": 6.9, "deaths": 59}, {"date": "2023-01-22", "cases": 22.7, "hospital": 6.9, "deaths": 69}, {"date": "2023-01-21", "cases": 22.6, "hospital": 6.9, "deaths": 65}, {"date": "2023-01-20", "cases": 22.5, "hospital": 6.7, "deaths": 65}, {"date": "2023-01-19", "cases": 22.8, "hospital": 6.8, "deaths": 71}, {"date": "2023-01-18", "cases": 23.5, "hospital": 6.9, "deaths": 74}, {"date": "2023-01-17", "cases": 24.4, "hospital": 7.1, "deaths": 73}, {"date": "2023-01-16", "cases": 25.8, "hospital": 7.3, "deaths": 93}, {"date": "2023-01-15", "cases": 27.4, "hospital": 7.5, "deaths": 87}, {"date": "2023-01-14", "cases": 28.9, "hospital": 7.9, "deaths": 86}, {"date": "2023-01-13", "cases": 30.8, "hospital": 8.3, "deaths": 83}, {"date": "2023-01-12", "cases": 33.5, "hospital": 8.6, "deaths": 103}, {"date": "2023-01-11", "cases": 36.9, "hospital": 9.0, "deaths": 77}, {"date": "2023-01-10", "cases": 41.6, "hospital": 9.4, "deaths": 86}, {"date": "2023-01-09", "cases": 46.8, "hospital": 10.0, "deaths": 108}, {"date": "2023-01-08", "cases": 49.3, "hospital": 10.3, "deaths": 102}, {"date": "2023-01-07", "cases": 50.8, "hospital": 10.3, "deaths": 99}, {"date": "2023-01-06", "cases": 53.4, "hospital": 10.5, "deaths": 88}, {"date": "2023-01-05", "cases": 57.1, "hospital": 10.9, "deaths": 115}, {"date": "2023-01-04", "cases": 62.1, "hospital": 11.5, "deaths": 117}, {"date": "2023-01-03", "cases": 66.6, "hospital": 12.1, "deaths": 114}, {"date": "2023-01-02", "cases": 67.1, "hospital": 12.3, "deaths": 106}, {"date": "2023-01-01", "cases": 66.8, "hospital": 12.4, "deaths": 109}, {"date": "2022-12-31", "cases": 66.9, "hospital": 12.6, "deaths": 129}, {"date": "2022-12-30", "cases": 66.7, "hospital": 12.7, "deaths": 129}, {"date": "2022-12-29", "cases": 66.2, "hospital": 12.6, "deaths": 100}, {"date": "2022-12-28", "cases": 64.9, "hospital": 12.6, "deaths": 110}, {"date": "2022-12-27", "cases": 63.9, "hospital": 12.7, "deaths": 114}, {"date": "2022-12-26", "cases": 67.2, "hospital": 13.1, "deaths": 104}, {"date": "2022-12-25", "cases": 73.8, "hospital": 13.7, "deaths": 106}, {"date": "2022-12-24", "cases": 77.1, "hospital": 14.2, "deaths": 117}, {"date": "2022-12-23", "cases": 77.9, "hospital": 14.3, "deaths": 103}, {"date": "2022-12-22", "cases": 78.5, "hospital": 14.2, "deaths": 83}, {"date": "2022-12-21", "cases": 77.2, "hospital": 13.9, "deaths": 87}, {"date": "2022-12-20", "cases": 75.3, "hospital": 13.3, "deaths": 98}, {"date": "2022-12-19", "cases": 72.9, "hospital": 12.7, "deaths": 95}, {"date": "2022-12-18", "cases": 69.6, "hospital": 12.1, "deaths": 88}, {"date": "2022-12-17", "cases": 67.9, "hospital": 11.5, "deaths": 76}, {"date": "2022-12-16", "cases": 66.1, "hospital": 11.2, "deaths": 72}, {"date": "2022-12-15", "cases": 63.1, "hospital": 10.7, "deaths": 43}, {"date": "2022-12-14", "cases": 60.5, "hospital": 10.1, "deaths": 81}, {"date": "2022-12-13", "cases": 58.2, "hospital": 9.7, "deaths": 61}, {"date": "2022-12-12", "cases": 55.1, "hospital": 9.3, "deaths": 56}, {"date": "2022-12-11", "cases": 52.5, "hospital": 8.9, "deaths": 58}, {"date": "2022-12-10", "cases": 51.0, "hospital": 8.4, "deaths": 60}, {"date": "2022-12-09", "cases": 49.6, "hospital": 8.2, "deaths": 53}, {"date": "2022-12-08", "cases": 48.6, "hospital": 8.0, "deaths": 57}, {"date": "2022-12-07", "cases": 47.1, "hospital": 7.8, "deaths": 52}, {"date": "2022-12-06", "cases": 45.3, "hospital": 7.5, "deaths": 59}, {"date": "2022-12-05", "cases": 43.9, "hospital": 7.3, "deaths": 54}, {"date": "2022-12-04", "cases": 42.8, "hospital": 7.1, "deaths": 30}, {"date": "2022-12-03", "cases": 42.3, "hospital": 7.1, "deaths": 47}, {"date": "2022-12-02", "cases": 42.0, "hospital": 7.0, "deaths": 41}, {"date": "2022-12-01", "cases": 40.9, "hospital": 6.9, "deaths": 48}, {"date": "2022-11-30", "cases": 40.5, "hospital": 6.8, "deaths": 36}, {"date": "2022-11-29", "cases": 39.9, "hospital": 6.7, "deaths": 39}, {"date": "2022-11-28", "cases": 39.0, "hospital": 6.5, "deaths": 49}, {"date": "2022-11-27", "cases": 37.7, "hospital": 6.3, "deaths": 45}, {"date": "2022-11-26", "cases": 36.8, "hospital": 6.1, "deaths": 34}, {"date": "2022-11-25", "cases": 36.6, "hospital": 6.0, "deaths": 39}, {"date": "2022-11-24", "cases": 36.4, "hospital": 6.0, "deaths": 43}, {"date": "2022-11-23", "cases": 35.8, "hospital": 6.0, "deaths": 48}, {"date": "2022-11-22", "cases": 35.3, "hospital": 6.0, "deaths": 43}, {"date": "2022-11-21", "cases": 34.8, "hospital": 5.9, "deaths": 44}, {"date": "2022-11-20", "cases": 34.7, "hospital": 5.9, "deaths": 54}, {"date": "2022-11-19", "cases": 34.7, "hospital": 5.9, "deaths": 45}, {"date": "2022-11-18", "cases": 34.7, "hospital": 5.9, "deaths": 52}, {"date": "2022-11-17", "cases": 34.8, "hospital": 5.9, "deaths": 47}, {"date": "2022-11-16", "cases": 35.0, "hospital": 5.9, "deaths": 43}, {"date": "2022-11-15", "cases": 35.4, "hospital": 5.9, "deaths": 58}, {"date": "2022-11-14", "cases": 35.8, "hospital": 6.0, "deaths": 56}, {"date": "2022-11-13", "cases": 36.5, "hospital": 6.2, "deaths": 49}, {"date": "2022-11-12", "cases": 37.0, "hospital": 6.3, "deaths": 37}, {"date": "2022-11-11", "cases": 37.3, "hospital": 6.3, "deaths": 56}, {"date": "2022-11-10", "cases": 37.7, "hospital": 6.3, "deaths": 45}, {"date": "2022-11-09", "cases": 38.5, "hospital": 6.3, "deaths": 52}, {"date": "2022-11-08", "cases": 39.2, "hospital": 6.4, "deaths": 58}, {"date": "2022-11-07", "cases": 40.5, "hospital": 6.6, "deaths": 63}, {"date": "2022-11-06", "cases": 41.8, "hospital": 6.7, "deaths": 48}, {"date": "2022-11-05", "cases": 43.4, "hospital": 6.9, "deaths": 63}, {"date": "2022-11-04", "cases": 44.9, "hospital": 7.1, "deaths": 79}, {"date": "2022-11-03", "cases": 47.0, "hospital": 7.4, "deaths": 70}, {"date": "2022-11-02", "cases": 48.9, "hospital": 7.7, "deaths": 67}, {"date": "2022-11-01", "cases": 51.3, "hospital": 8.2, "deaths": 68}, {"date": "2022-10-31", "cases": 53.2, "hospital": 8.6, "deaths": 64}, {"date": "2022-10-30", "cases": 55.9, "hospital": 9.0, "deaths": 88}, {"date": "2022-10-29", "cases": 58.0, "hospital": 9.4, "deaths": 81}, {"date": "2022-10-28", "cases": 60.3, "hospital": 9.9, "deaths": 75}, {"date": "2022-10-27", "cases": 63.5, "hospital": 10.4, "deaths": 96}, {"date": "2022-10-26", "cases": 66.5, "hospital": 10.9, "deaths": 82}, {"date": "2022-10-25", "cases": 70.3, "hospital": 11.2, "deaths": 96}, {"date": "2022-10-24", "cases": 74.7, "hospital": 11.6, "deaths": 94}, {"date": "2022-10-23", "cases": 80.2, "hospital": 12.1, "deaths": 86}, {"date": "2022-10-22", "cases": 84.2, "hospital": 12.7, "deaths": 99}, {"date": "2022-10-21", "cases": 86.8, "hospital": 12.9, "deaths": 94}, {"date": "2022-10-20", "cases": 89.6, "hospital": 13.1, "deaths": 109}, {"date": "2022-10-19", "cases": 92.3, "hospital": 13.5, "deaths": 87}, {"date": "2022-10-18", "cases": 94.2, "hospital": 13.6, "deaths": 90}, {"date": "2022-10-17", "cases": 96.2, "hospital": 13.8, "deaths": 103}, {"date": "2022-10-16", "cases": 97.1, "hospital": 14.1, "deaths": 98}, {"date": "2022-10-15", "cases": 98.4, "hospital": 14.2, "deaths": 92}, {"date": "2022-10-14", "cases": 99.5, "hospital": 14.1, "deaths": 105}, {"date": "2022-10-13", "cases": 101.2, "hospital": 14.1, "deaths": 101}, {"date": "2022-10-12", "cases": 103.4, "hospital": 13.9, "deaths": 113}, {"date": "2022-10-11", "cases": 105.9, "hospital": 14.1, "deaths": 103}, {"date": "2022-10-10", "cases": 108.5, "hospital": 14.5, "deaths": 80}, {"date": "2022-10-09", "cases": 110.4, "hospital": 14.6, "deaths": 84}, {"date": "2022-10-08", "cases": 111.5, "hospital": 14.6, "deaths": 82}, {"date": "2022-10-07", "cases": 111.4, "hospital": 15.0, "deaths": 86}, {"date": "2022-10-06", "cases": 109.2, "hospital": 14.9, "deaths": 82}, {"date": "2022-10-05", "cases": 106.6, "hospital": 14.9, "deaths": 85}, {"date": "2022-10-04", "cases": 103.6, "hospital": 14.6, "deaths": 80}, {"date": "2022-10-03", "cases": 99.0, "hospital": 14.0, "deaths": 69}, {"date": "2022-10-02", "cases": 94.0, "hospital": 13.4, "deaths": 55}, {"date": "2022-10-01", "cases": 90.6, "hospital": 12.9, "deaths": 61}, {"date": "2022-09-30", "cases": 88.4, "hospital": 12.2, "deaths": 47}, {"date": "2022-09-29", "cases": 86.5, "hospital": 11.9, "deaths": 53}, {"date": "2022-09-28", "cases": 84.6, "hospital": 11.4, "deaths": 55}, {"date": "2022-09-27", "cases": 83.1, "hospital": 10.9, "deaths": 57}, {"date": "2022-09-26", "cases": 82.3, "hospital": 10.5, "deaths": 52}, {"date": "2022-09-25", "cases": 78.1, "hospital": 10.1, "deaths": 32}, {"date": "2022-09-24", "cases": 73.2, "hospital": 9.4, "deaths": 39}, {"date": "2022-09-23", "cases": 69.4, "hospital": 8.9, "deaths": 43}, {"date": "2022-09-22", "cases": 65.4, "hospital": 8.5, "deaths": 45}, {"date": "2022-09-21", "cases": 61.7, "hospital": 8.0, "deaths": 30}, {"date": "2022-09-20", "cases": 57.3, "hospital": 7.5, "deaths": 44}, {"date": "2022-09-19", "cases": 52.7, "hospital": 7.1, "deaths": 41}, {"date": "2022-09-18", "cases": 51.1, "hospital": 6.6, "deaths": 30}, {"date": "2022-09-17", "cases": 51.0, "hospital": 6.5, "deaths": 31}, {"date": "2022-09-16", "cases": 50.4, "hospital": 6.4, "deaths": 30}, {"date": "2022-09-15", "cases": 49.3, "hospital": 6.3, "deaths": 40}, {"date": "2022-09-14", "cases": 47.6, "hospital": 6.2, "deaths": 38}, {"date": "2022-09-13", "cases": 46.4, "hospital": 6.1, "deaths": 47}, {"date": "2022-09-12", "cases": 45.2, "hospital": 6.1, "deaths": 33}, {"date": "2022-09-11", "cases": 44.5, "hospital": 6.1, "deaths": 19}, {"date": "2022-09-10", "cases": 44.3, "hospital": 6.0, "deaths": 35}, {"date": "2022-09-09", "cases": 44.5, "hospital": 6.1, "deaths": 30}, {"date": "2022-09-08", "cases": 44.7, "hospital": 6.2, "deaths": 38}, {"date": "2022-09-07", "cases": 45.6, "hospital": 6.2, "deaths": 49}, {"date": "2022-09-06", "cases": 46.0, "hospital": 6.3, "deaths": 28}, {"date": "2022-09-05", "cases": 47.0, "hospital": 6.4, "deaths": 31}, {"date": "2022-09-04", "cases": 46.2, "hospital": 6.5, "deaths": 36}, {"date": "2022-09-03", "cases": 44.6, "hospital": 6.7, "deaths": 40}, {"date": "2022-09-02", "cases": 44.0, "hospital": 6.7, "deaths": 42}, {"date": "2022-09-01", "cases": 43.6, "hospital": 6.8, "deaths": 35}, {"date": "2022-08-31", "cases": 42.7, "hospital": 7.0, "deaths": 57}, {"date": "2022-08-30", "cases": 42.6, "hospital": 7.1, "deaths": 35}, {"date": "2022-08-29", "cases": 41.9, "hospital": 7.3, "deaths": 44}, {"date": "2022-08-28", "cases": 43.0, "hospital": 7.4, "deaths": 54}, {"date": "2022-08-27", "cases": 44.2, "hospital": 7.5, "deaths": 53}, {"date": "2022-08-26", "cases": 45.0, "hospital": 7.7, "deaths": 34}, {"date": "2022-08-25", "cases": 45.8, "hospital": 8.0, "deaths": 41}, {"date": "2022-08-24", "cases": 47.1, "hospital": 8.0, "deaths": 41}, {"date": "2022-08-23", "cases": 48.0, "hospital": 8.3, "deaths": 64}, {"date": "2022-08-22", "cases": 49.4, "hospital": 8.5, "deaths": 57}, {"date": "2022-08-21", "cases": 51.2, "hospital": 8.8, "deaths": 50}, {"date": "2022-08-20", "cases": 53.4, "hospital": 9.1, "deaths": 66}, {"date": "2022-08-19", "cases": 55.0, "hospital": 9.4, "deaths": 53}, {"date": "2022-08-18", "cases": 57.3, "hospital": 9.6, "deaths": 52}, {"date": "2022-08-17", "cases": 59.9, "hospital": 10.0, "deaths": 50}, {"date": "2022-08-16", "cases": 62.7, "hospital": 10.3, "deaths": 61}, {"date": "2022-08-15", "cases": 65.5, "hospital": 10.6, "deaths": 70}, {"date": "2022-08-14", "cases": 68.4, "hospital": 10.8, "deaths": 68}, {"date": "2022-08-13", "cases": 70.4, "hospital": 11.1, "deaths": 77}, {"date": "2022-08-12", "cases": 71.9, "hospital": 11.1, "deaths": 96}, {"date": "2022-08-11", "cases": 73.8, "hospital": 11.4, "deaths": 86}, {"date": "2022-08-10", "cases": 75.7, "hospital": 11.6, "deaths": 63}, {"date": "2022-08-09", "cases": 78.2, "hospital": 11.7, "deaths": 75}, {"date": "2022-08-08", "cases": 81.2, "hospital": 11.8, "deaths": 81}, {"date": "2022-08-07", "cases": 84.0, "hospital": 12.1, "deaths": 87}, {"date": "2022-08-06", "cases": 87.2, "hospital": 12.5, "deaths": 56}, {"date": "2022-08-05", "cases": 90.3, "hospital": 12.8, "deaths": 69}, {"date": "2022-08-04", "cases": 93.4, "hospital": 13.0, "deaths": 71}, {"date": "2022-08-03", "cases": 96.6, "hospital": 13.2, "deaths": 98}, {"date": "2022-08-02", "cases": 100.1, "hospital": 13.5, "deaths": 86}, {"date": "2022-08-01", "cases": 104.2, "hospital": 13.9, "deaths": 75}, {"date": "2022-07-31", "cases": 109.7, "hospital": 14.3, "deaths": 80}, {"date": "2022-07-30", "cases": 114.2, "hospital": 14.6, "deaths": 65}, {"date": "2022-07-29", "cases": 118.3, "hospital": 15.0, "deaths": 101}, {"date": "2022-07-28", "cases": 124.6, "hospital": 15.4, "deaths": 105}, {"date": "2022-07-27", "cases": 132.5, "hospital": 16.1, "deaths": 99}, {"date": "2022-07-26", "cases": 141.5, "hospital": 17.0, "deaths": 95}, {"date": "2022-07-25", "cases": 149.3, "hospital": 17.9, "deaths": 93}, {"date": "2022-07-24", "cases": 158.1, "hospital": 18.6, "deaths": 106}, {"date": "2022-07-23", "cases": 167.8, "hospital": 19.3, "deaths": 101}, {"date": "2022-07-22", "cases": 176.2, "hospital": 19.7, "deaths": 88}, {"date": "2022-07-21", "cases": 185.9, "hospital": 20.2, "deaths": 103}, {"date": "2022-07-20", "cases": 197.5, "hospital": 20.7, "deaths": 172}, {"date": "2022-07-19", "cases": 210.0, "hospital": 21.1, "deaths": 193}, {"date": "2022-07-18", "cases": 226.8, "hospital": 21.3, "deaths": 99}, {"date": "2022-07-17", "cases": 245.0, "hospital": 21.7, "deaths": 134}, {"date": "2022-07-16", "cases": 258.0, "hospital": 22.1, "deaths": 99}, {"date": "2022-07-15", "cases": 268.0, "hospital": 22.5, "deaths": 91}, {"date": "2022-07-14", "cases": 277.9, "hospital": 22.8, "deaths": 101}, {"date": "2022-07-13", "cases": 286.2, "hospital": 23.1, "deaths": 110}, {"date": "2022-07-12", "cases": 295.2, "hospital": 23.1, "deaths": 120}, {"date": "2022-07-11", "cases": 301.8, "hospital": 23.0, "deaths": 100}, {"date": "2022-07-10", "cases": 307.5, "hospital": 22.9, "deaths": 87}, {"date": "2022-07-09", "cases": 311.2, "hospital": 22.7, "deaths": 91}, {"date": "2022-07-08", "cases": 311.6, "hospital": 22.3, "deaths": 84}, {"date": "2022-07-07", "cases": 309.7, "hospital": 21.7, "deaths": 84}, {"date": "2022-07-06", "cases": 305.2, "hospital": 21.0, "deaths": 89}, {"date": "2022-07-05", "cases": 296.3, "hospital": 20.3, "deaths": 83}, {"date": "2022-07-04", "cases": 285.3, "hospital": 19.5, "deaths": 72}, {"date": "2022-07-03", "cases": 270.2, "hospital": 18.7, "deaths": 53}, {"date": "2022-07-02", "cases": 257.6, "hospital": 17.7, "deaths": 67}, {"date": "2022-07-01", "cases": 248.6, "hospital": 17.1, "deaths": 62}, {"date": "2022-06-30", "cases": 239.0, "hospital": 16.7, "deaths": 53}, {"date": "2022-06-29", "cases": 230.5, "hospital": 16.0, "deaths": 66}, {"date": "2022-06-28", "cases": 223.5, "hospital": 15.2, "deaths": 49}, {"date": "2022-06-27", "cases": 215.8, "hospital": 14.7, "deaths": 45}, {"date": "2022-06-26", "cases": 207.0, "hospital": 14.0, "deaths": 57}, {"date": "2022-06-25", "cases": 200.8, "hospital": 13.4, "deaths": 56}, {"date": "2022-06-24", "cases": 195.7, "hospital": 13.0, "deaths": 37}, {"date": "2022-06-23", "cases": 188.7, "hospital": 12.6, "deaths": 44}, {"date": "2022-06-22", "cases": 180.2, "hospital": 11.9, "deaths": 57}, {"date": "2022-06-21", "cases": 170.7, "hospital": 11.4, "deaths": 39}, {"date": "2022-06-20", "cases": 162.1, "hospital": 10.7, "deaths": 41}, {"date": "2022-06-19", "cases": 155.1, "hospital": 10.1, "deaths": 36}, {"date": "2022-06-18", "cases": 148.4, "hospital": 9.6, "deaths": 35}, {"date": "2022-06-17", "cases": 142.8, "hospital": 9.2, "deaths": 36}, {"date": "2022-06-16", "cases": 138.4, "hospital": 8.8, "deaths": 41}, {"date": "2022-06-15", "cases": 134.3, "hospital": 8.5, "deaths": 39}, {"date": "2022-06-14", "cases": 130.0, "hospital": 8.1, "deaths": 27}, {"date": "2022-06-13", "cases": 124.3, "hospital": 7.8, "deaths": 28}, {"date": "2022-06-12", "cases": 118.8, "hospital": 7.6, "deaths": 34}, {"date": "2022-06-11", "cases": 114.6, "hospital": 7.4, "deaths": 27}, {"date": "2022-06-10", "cases": 110.7, "hospital": 7.1, "deaths": 31}, {"date": "2022-06-09", "cases": 104.4, "hospital": 6.8, "deaths": 18}, {"date": "2022-06-08", "cases": 96.4, "hospital": 6.4, "deaths": 32}, {"date": "2022-06-07", "cases": 88.9, "hospital": 6.1, "deaths": 27}, {"date": "2022-06-06", "cases": 82.3, "hospital": 6.0, "deaths": 38}, {"date": "2022-06-05", "cases": 75.4, "hospital": 5.7, "deaths": 23}, {"date": "2022-06-04", "cases": 69.0, "hospital": 5.5, "deaths": 33}, {"date": "2022-06-03", "cases": 65.2, "hospital": 5.4, "deaths": 22}, {"date": "2022-06-02", "cases": 63.3, "hospital": 5.5, "deaths": 37}, {"date": "2022-06-01", "cases": 62.8, "hospital": 5.5, "deaths": 23}, {"date": "2022-05-31", "cases": 61.9, "hospital": 5.5, "deaths": 42}, {"date": "2022-05-30", "cases": 61.6, "hospital": 5.4, "deaths": 42}, {"date": "2022-05-29", "cases": 62.2, "hospital": 5.5, "deaths": 24}, {"date": "2022-05-28", "cases": 63.0, "hospital": 5.6, "deaths": 30}, {"date": "2022-05-27", "cases": 63.2, "hospital": 5.6, "deaths": 39}, {"date": "2022-05-26", "cases": 64.2, "hospital": 5.6, "deaths": 40}, {"date": "2022-05-25", "cases": 65.9, "hospital": 5.9, "deaths": 26}, {"date": "2022-05-24", "cases": 68.0, "hospital": 6.1, "deaths": 39}, {"date": "2022-05-23", "cases": 70.2, "hospital": 6.3, "deaths": 52}, {"date": "2022-05-22", "cases": 73.1, "hospital": 6.5, "deaths": 44}, {"date": "2022-05-21", "cases": 75.9, "hospital": 6.7, "deaths": 36}, {"date": "2022-05-20", "cases": 77.5, "hospital": 7.0, "deaths": 55}, {"date": "2022-05-19", "cases": 78.8, "hospital": 7.1, "deaths": 27}, {"date": "2022-05-18", "cases": 79.8, "hospital": 7.3, "deaths": 38}, {"date": "2022-05-17", "cases": 81.4, "hospital": 7.4, "deaths": 55}, {"date": "2022-05-16", "cases": 83.7, "hospital": 7.7, "deaths": 52}, {"date": "2022-05-15", "cases": 85.5, "hospital": 7.9, "deaths": 61}, {"date": "2022-05-14", "cases": 87.1, "hospital": 8.1, "deaths": 54}, {"date": "2022-05-13", "cases": 89.3, "hospital": 8.2, "deaths": 66}, {"date": "2022-05-12", "cases": 92.3, "hospital": 8.5, "deaths": 55}, {"date": "2022-05-11", "cases": 96.2, "hospital": 8.7, "deaths": 58}, {"date": "2022-05-10", "cases": 100.7, "hospital": 9.0, "deaths": 87}, {"date": "2022-05-09", "cases": 106.0, "hospital": 9.3, "deaths": 73}, {"date": "2022-05-08", "cases": 108.6, "hospital": 9.5, "deaths": 74}, {"date": "2022-05-07", "cases": 108.7, "hospital": 9.7, "deaths": 83}, {"date": "2022-05-06", "cases": 109.6, "hospital": 9.9, "deaths": 90}, {"date": "2022-05-05", "cases": 110.4, "hospital": 10.2, "deaths": 72}, {"date": "2022-05-04", "cases": 111.2, "hospital": 10.5, "deaths": 79}, {"date": "2022-05-03", "cases": 111.8, "hospital": 10.9, "deaths": 84}, {"date": "2022-05-02", "cases": 112.1, "hospital": 11.2, "deaths": 92}, {"date": "2022-05-01", "cases": 117.5, "hospital": 11.8, "deaths": 101}, {"date": "2022-04-30", "cases": 124.8, "hospital": 12.2, "deaths": 91}, {"date": "2022-04-29", "cases": 131.4, "hospital": 12.9, "deaths": 81}, {"date": "2022-04-28", "cases": 139.4, "hospital": 13.4, "deaths": 110}, {"date": "2022-04-27", "cases": 149.1, "hospital": 14.0, "deaths": 117}, {"date": "2022-04-26", "cases": 161.2, "hospital": 14.5, "deaths": 95}, {"date": "2022-04-25", "cases": 177.6, "hospital": 15.0, "deaths": 106}, {"date": "2022-04-24", "cases": 190.3, "hospital": 15.7, "deaths": 106}, {"date": "2022-04-23", "cases": 198.1, "hospital": 16.2, "deaths": 124}, {"date": "2022-04-22", "cases": 207.8, "hospital": 16.5, "deaths": 127}, {"date": "2022-04-21", "cases": 216.3, "hospital": 16.9, "deaths": 134}, {"date": "2022-04-20", "cases": 228.5, "hospital": 17.6, "deaths": 137}, {"date": "2022-04-19", "cases": 243.6, "hospital": 18.7, "deaths": 129}, {"date": "2022-04-18", "cases": 255.6, "hospital": 19.7, "deaths": 146}, {"date": "2022-04-17", "cases": 273.3, "hospital": 20.4, "deaths": 135}, {"date": "2022-04-16", "cases": 289.9, "hospital": 21.2, "deaths": 140}, {"date": "2022-04-15", "cases": 302.2, "hospital": 21.9, "deaths": 145}, {"date": "2022-04-14", "cases": 320.0, "hospital": 22.5, "deaths": 161}, {"date": "2022-04-13", "cases": 338.2, "hospital": 23.1, "deaths": 184}, {"date": "2022-04-12", "cases": 358.4, "hospital": 23.6, "deaths": 161}, {"date": "2022-04-11", "cases": 381.4, "hospital": 24.1, "deaths": 159}, {"date": "2022-04-10", "cases": 407.1, "hospital": 24.6, "deaths": 160}, {"date": "2022-04-09", "cases": 424.7, "hospital": 25.1, "deaths": 148}, {"date": "2022-04-08", "cases": 439.9, "hospital": 25.3, "deaths": 196}, {"date": "2022-04-07", "cases": 462.8, "hospital": 25.5, "deaths": 188}, {"date": "2022-04-06", "cases": 487.8, "hospital": 25.7, "deaths": 164}, {"date": "2022-04-05", "cases": 533.5, "hospital": 26.0, "deaths": 160}, {"date": "2022-04-04", "cases": 581.4, "hospital": 25.9, "deaths": 143}, {"date": "2022-04-03", "cases": 641.1, "hospital": 26.1, "deaths": 154}, {"date": "2022-04-02", "cases": 680.7, "hospital": 26.0, "deaths": 170}, {"date": "2022-04-01", "cases": 716.4, "hospital": 26.0, "deaths": 162}, {"date": "2022-03-31", "cases": 751.6, "hospital": 26.2, "deaths": 153}, {"date": "2022-03-30", "cases": 791.8, "hospital": 26.0, "deaths": 149}, {"date": "2022-03-29", "cases": 818.0, "hospital": 25.6, "deaths": 155}, {"date": "2022-03-28", "cases": 843.5, "hospital": 25.4, "deaths": 136}, {"date": "2022-03-27", "cases": 862.9, "hospital": 24.9, "deaths": 127}, {"date": "2022-03-26", "cases": 878.7, "hospital": 24.4, "deaths": 129}, {"date": "2022-03-25", "cases": 884.8, "hospital": 24.3, "deaths": 138}, {"date": "2022-03-24", "cases": 887.7, "hospital": 23.8, "deaths": 119}, {"date": "2022-03-23", "cases": 886.0, "hospital": 23.3, "deaths": 122}, {"date": "2022-03-22", "cases": 879.6, "hospital": 22.8, "deaths": 123}, {"date": "2022-03-21", "cases": 865.9, "hospital": 22.2, "deaths": 122}, {"date": "2022-03-20", "cases": 847.5, "hospital": 21.7, "deaths": 128}, {"date": "2022-03-19", "cases": 835.8, "hospital": 21.3, "deaths": 121}, {"date": "2022-03-18", "cases": 825.1, "hospital": 20.5, "deaths": 122}, {"date": "2022-03-17", "cases": 808.1, "hospital": 20.1, "deaths": 105}, {"date": "2022-03-16", "cases": 784.4, "hospital": 19.6, "deaths": 107}, {"date": "2022-03-15", "cases": 751.7, "hospital": 19.0, "deaths": 100}, {"date": "2022-03-14", "cases": 713.3, "hospital": 18.3, "deaths": 115}, {"date": "2022-03-13", "cases": 662.8, "hospital": 17.6, "deaths": 81}, {"date": "2022-03-12", "cases": 619.7, "hospital": 17.1, "deaths": 101}, {"date": "2022-03-11", "cases": 583.2, "hospital": 16.5, "deaths": 97}, {"date": "2022-03-10", "cases": 544.9, "hospital": 15.8, "deaths": 91}, {"date": "2022-03-09", "cases": 504.6, "hospital": 15.5, "deaths": 88}, {"date": "2022-03-08", "cases": 465.5, "hospital": 14.9, "deaths": 100}, {"date": "2022-03-07", "cases": 429.3, "hospital": 14.4, "deaths": 91}, {"date": "2022-03-06", "cases": 395.5, "hospital": 14.2, "deaths": 64}, {"date": "2022-03-05", "cases": 371.2, "hospital": 13.6, "deaths": 81}, {"date": "2022-03-04", "cases": 351.9, "hospital": 13.3, "deaths": 86}, {"date": "2022-03-03", "cases": 332.3, "hospital": 13.0, "deaths": 83}, {"date": "2022-03-02", "cases": 315.2, "hospital": 12.6, "deaths": 108}, {"date": "2022-03-01", "cases": 302.2, "hospital": 12.2, "deaths": 82}, {"date": "2022-02-28", "cases": 295.4, "hospital": 12.0, "deaths": 82}, {"date": "2022-02-27", "cases": 297.5, "hospital": 11.7, "deaths": 92}, {"date": "2022-02-26", "cases": 308.6, "hospital": 11.8, "deaths": 81}, {"date": "2022-02-25", "cases": 324.2, "hospital": 11.7, "deaths": 90}, {"date": "2022-02-24", "cases": 333.7, "hospital": 11.8, "deaths": 95}, {"date": "2022-02-23", "cases": 355.4, "hospital": 11.8, "deaths": 91}, {"date": "2022-02-22", "cases": 379.2, "hospital": 12.0, "deaths": 92}, {"date": "2022-02-21", "cases": 400.6, "hospital": 12.3, "deaths": 94}, {"date": "2022-02-20", "cases": 417.3, "hospital": 12.5, "deaths": 106}, {"date": "2022-02-19", "cases": 424.3, "hospital": 12.6, "deaths": 97}, {"date": "2022-02-18", "cases": 429.1, "hospital": 12.9, "deaths": 102}, {"date": "2022-02-17", "cases": 446.8, "hospital": 13.1, "deaths": 104}, {"date": "2022-02-16", "cases": 459.5, "hospital": 13.4, "deaths": 110}, {"date": "2022-02-15", "cases": 479.9, "hospital": 13.6, "deaths": 103}, {"date": "2022-02-14", "cases": 507.0, "hospital": 13.8, "deaths": 131}, {"date": "2022-02-13", "cases": 542.6, "hospital": 14.0, "deaths": 110}, {"date": "2022-02-12", "cases": 574.2, "hospital": 14.3, "deaths": 127}, {"date": "2022-02-11", "cases": 599.1, "hospital": 14.4, "deaths": 121}, {"date": "2022-02-10", "cases": 630.2, "hospital": 14.8, "deaths": 106}, {"date": "2022-02-09", "cases": 670.4, "hospital": 15.0, "deaths": 118}, {"date": "2022-02-08", "cases": 710.8, "hospital": 15.4, "deaths": 135}, {"date": "2022-02-07", "cases": 751.7, "hospital": 15.9, "deaths": 124}, {"date": "2022-02-06", "cases": 797.3, "hospital": 16.3, "deaths": 132}, {"date": "2022-02-05", "cases": 841.2, "hospital": 16.4, "deaths": 152}, {"date": "2022-02-04", "cases": 876.2, "hospital": 16.8, "deaths": 144}, {"date": "2022-02-03", "cases": 910.1, "hospital": 17.1, "deaths": 163}, {"date": "2022-02-02", "cases": 943.1, "hospital": 17.5, "deaths": 164}, {"date": "2022-02-01", "cases": 977.2, "hospital": 17.9, "deaths": 170}, {"date": "2022-01-31", "cases": 1009.9, "hospital": 18.2, "deaths": 178}, {"date": "2022-01-30", "cases": 1046.5, "hospital": 18.4, "deaths": 169}, {"date": "2022-01-29", "cases": 1070.5, "hospital": 18.9, "deaths": 160}, {"date": "2022-01-28", "cases": 1083.7, "hospital": 18.8, "deaths": 163}, {"date": "2022-01-27", "cases": 1097.0, "hospital": 19.0, "deaths": 179}, {"date": "2022-01-26", "cases": 1104.4, "hospital": 19.3, "deaths": 175}, {"date": "2022-01-25", "cases": 1111.7, "hospital": 19.5, "deaths": 156}, {"date": "2022-01-24", "cases": 1123.0, "hospital": 19.7, "deaths": 204}, {"date": "2022-01-23", "cases": 1132.8, "hospital": 20.1, "deaths": 181}, {"date": "2022-01-22", "cases": 1127.5, "hospital": 20.5, "deaths": 195}, {"date": "2022-01-21", "cases": 1122.8, "hospital": 21.0, "deaths": 213}, {"date": "2022-01-20", "cases": 1115.8, "hospital": 21.5, "deaths": 167}, {"date": "2022-01-19", "cases": 1110.8, "hospital": 21.9, "deaths": 180}, {"date": "2022-01-18", "cases": 1097.8, "hospital": 22.2, "deaths": 202}, {"date": "2022-01-17", "cases": 1093.7, "hospital": 22.8, "deaths": 197}, {"date": "2022-01-16", "cases": 1096.5, "hospital": 23.4, "deaths": 211}, {"date": "2022-01-15", "cases": 1092.0, "hospital": 23.8, "deaths": 211}, {"date": "2022-01-14", "cases": 1115.7, "hospital": 24.2, "deaths": 203}, {"date": "2022-01-13", "cases": 1168.6, "hospital": 24.4, "deaths": 191}, {"date": "2022-01-12", "cases": 1286.5, "hospital": 24.6, "deaths": 199}, {"date": "2022-01-11", "cases": 1452.3, "hospital": 24.9, "deaths": 202}, {"date": "2022-01-10", "cases": 1689.1, "hospital": 24.9, "deaths": 202}, {"date": "2022-01-09", "cases": 1825.7, "hospital": 25.0, "deaths": 200}, {"date": "2022-01-08", "cases": 1941.6, "hospital": 24.8, "deaths": 188}, {"date": "2022-01-07", "cases": 1973.6, "hospital": 24.7, "deaths": 206}, {"date": "2022-01-06", "cases": 2058.1, "hospital": 24.7, "deaths": 185}, {"date": "2022-01-05", "cases": 2132.5, "hospital": 24.9, "deaths": 161}, {"date": "2022-01-04", "cases": 2203.6, "hospital": 25.3, "deaths": 158}, {"date": "2022-01-03", "cases": 2089.9, "hospital": 25.2, "deaths": 153}, {"date": "2022-01-02", "cases": 2022.6, "hospital": 24.4, "deaths": 143}, {"date": "2022-01-01", "cases": 1934.8, "hospital": 23.5, "deaths": 152}, {"date": "2021-12-31", "cases": 1865.1, "hospital": 22.6, "deaths": 133}, {"date": "2021-12-30", "cases": 1802.6, "hospital": 21.2, "deaths": 156}, {"date": "2021-12-29", "cases": 1704.0, "hospital": 19.7, "deaths": 107}, {"date": "2021-12-28", "cases": 1552.1, "hospital": 17.7, "deaths": 136}, {"date": "2021-12-27", "cases": 1479.6, "hospital": 16.0, "deaths": 115}, {"date": "2021-12-26", "cases": 1412.4, "hospital": 14.7, "deaths": 101}, {"date": "2021-12-25", "cases": 1376.3, "hospital": 13.9, "deaths": 97}, {"date": "2021-12-24", "cases": 1409.9, "hospital": 13.0, "deaths": 104}, {"date": "2021-12-23", "cases": 1352.3, "hospital": 12.5, "deaths": 124}, {"date": "2021-12-22", "cases": 1275.9, "hospital": 11.6, "deaths": 123}, {"date": "2021-12-21", "cases": 1207.8, "hospital": 10.9, "deaths": 92}, {"date": "2021-12-20", "cases": 1139.1, "hospital": 10.4, "deaths": 111}, {"date": "2021-12-19", "cases": 1066.4, "hospital": 9.9, "deaths": 102}, {"date": "2021-12-18", "cases": 1009.6, "hospital": 9.6, "deaths": 92}, {"date": "2021-12-17", "cases": 944.2, "hospital": 9.6, "deaths": 114}, {"date": "2021-12-16", "cases": 873.6, "hospital": 9.5, "deaths": 98}, {"date": "2021-12-15", "cases": 794.0, "hospital": 9.5, "deaths": 99}, {"date": "2021-12-14", "cases": 706.3, "hospital": 9.4, "deaths": 124}, {"date": "2021-12-13", "cases": 631.0, "hospital": 9.4, "deaths": 95}, {"date": "2021-12-12", "cases": 586.2, "hospital": 9.3, "deaths": 121}, {"date": "2021-12-11", "cases": 566.1, "hospital": 9.2, "deaths": 86}, {"date": "2021-12-10", "cases": 551.0, "hospital": 9.1, "deaths": 98}, {"date": "2021-12-09", "cases": 540.7, "hospital": 9.0, "deaths": 107}, {"date": "2021-12-08", "cases": 530.5, "hospital": 8.8, "deaths": 111}, {"date": "2021-12-07", "cases": 525.6, "hospital": 8.7, "deaths": 99}, {"date": "2021-12-06", "cases": 524.7, "hospital": 8.6, "deaths": 111}, {"date": "2021-12-05", "cases": 519.0, "hospital": 8.4, "deaths": 95}, {"date": "2021-12-04", "cases": 517.0, "hospital": 8.2, "deaths": 129}, {"date": "2021-12-03", "cases": 508.3, "hospital": 8.2, "deaths": 123}, {"date": "2021-12-02", "cases": 498.4, "hospital": 8.2, "deaths": 94}, {"date": "2021-12-01", "cases": 488.0, "hospital": 8.0, "deaths": 107}, {"date": "2021-11-30", "cases": 474.9, "hospital": 8.1, "deaths": 109}, {"date": "2021-11-29", "cases": 463.2, "hospital": 8.1, "deaths": 117}, {"date": "2021-11-28", "cases": 454.3, "hospital": 8.0, "deaths": 104}, {"date": "2021-11-27", "cases": 450.6, "hospital": 8.0, "deaths": 97}, {"date": "2021-11-26", "cases": 453.1, "hospital": 8.0, "deaths": 102}, {"date": "2021-11-25", "cases": 452.2, "hospital": 8.1, "deaths": 112}, {"date": "2021-11-24", "cases": 452.1, "hospital": 8.1, "deaths": 105}, {"date": "2021-11-23", "cases": 449.3, "hospital": 8.1, "deaths": 119}, {"date": "2021-11-22", "cases": 445.1, "hospital": 8.2, "deaths": 100}, {"date": "2021-11-21", "cases": 444.4, "hospital": 8.4, "deaths": 98}, {"date": "2021-11-20", "cases": 440.6, "hospital": 8.4, "deaths": 105}, {"date": "2021-11-19", "cases": 436.1, "hospital": 8.5, "deaths": 107}, {"date": "2021-11-18", "cases": 432.9, "hospital": 8.7, "deaths": 106}, {"date": "2021-11-17", "cases": 426.8, "hospital": 8.8, "deaths": 95}, {"date": "2021-11-16", "cases": 421.8, "hospital": 9.0, "deaths": 134}, {"date": "2021-11-15", "cases": 414.7, "hospital": 9.2, "deaths": 136}, {"date": "2021-11-14", "cases": 403.5, "hospital": 9.4, "deaths": 108}, {"date": "2021-11-13", "cases": 396.2, "hospital": 9.5, "deaths": 117}, {"date": "2021-11-12", "cases": 387.7, "hospital": 9.6, "deaths": 107}, {"date": "2021-11-11", "cases": 375.5, "hospital": 9.5, "deaths": 128}, {"date": "2021-11-10", "cases": 364.3, "hospital": 9.4, "deaths": 129}, {"date": "2021-11-09", "cases": 353.7, "hospital": 9.4, "deaths": 131}, {"date": "2021-11-08", "cases": 347.8, "hospital": 9.5, "deaths": 128}, {"date": "2021-11-07", "cases": 350.5, "hospital": 9.6, "deaths": 123}, {"date": "2021-11-06", "cases": 357.8, "hospital": 9.8, "deaths": 135}, {"date": "2021-11-05", "cases": 367.8, "hospital": 9.9, "deaths": 131}, {"date": "2021-11-04", "cases": 384.7, "hospital": 10.2, "deaths": 131}, {"date": "2021-11-03", "cases": 398.3, "hospital": 10.5, "deaths": 135}, {"date": "2021-11-02", "cases": 411.0, "hospital": 10.7, "deaths": 132}, {"date": "2021-11-01", "cases": 417.9, "hospital": 10.8, "deaths": 146}, {"date": "2021-10-31", "cases": 422.0, "hospital": 10.7, "deaths": 151}, {"date": "2021-10-30", "cases": 422.9, "hospital": 10.7, "deaths": 124}, {"date": "2021-10-29", "cases": 425.6, "hospital": 10.7, "deaths": 132}, {"date": "2021-10-28", "cases": 426.5, "hospital": 10.5, "deaths": 157}, {"date": "2021-10-27", "cases": 432.7, "hospital": 10.4, "deaths": 140}, {"date": "2021-10-26", "cases": 445.8, "hospital": 10.3, "deaths": 132}, {"date": "2021-10-25", "cases": 462.4, "hospital": 10.3, "deaths": 123}, {"date": "2021-10-24", "cases": 478.8, "hospital": 10.3, "deaths": 120}, {"date": "2021-10-23", "cases": 491.9, "hospital": 10.3, "deaths": 131}, {"date": "2021-10-22", "cases": 495.3, "hospital": 10.3, "deaths": 115}, {"date": "2021-10-21", "cases": 499.0, "hospital": 10.3, "deaths": 115}, {"date": "2021-10-20", "cases": 500.2, "hospital": 10.2, "deaths": 116}, {"date": "2021-10-19", "cases": 494.2, "hospital": 9.9, "deaths": 109}, {"date": "2021-10-18", "cases": 487.6, "hospital": 9.7, "deaths": 97}, {"date": "2021-10-17", "cases": 476.7, "hospital": 9.3, "deaths": 109}, {"date": "2021-10-16", "cases": 466.1, "hospital": 8.9, "deaths": 105}, {"date": "2021-10-15", "cases": 458.2, "hospital": 8.7, "deaths": 108}, {"date": "2021-10-14", "cases": 446.2, "hospital": 8.4, "deaths": 114}, {"date": "2021-10-13", "cases": 433.7, "hospital": 8.3, "deaths": 99}, {"date": "2021-10-12", "cases": 419.5, "hospital": 8.0, "deaths": 96}, {"date": "2021-10-11", "cases": 404.3, "hospital": 7.9, "deaths": 97}, {"date": "2021-10-10", "cases": 392.5, "hospital": 7.8, "deaths": 82}, {"date": "2021-10-09", "cases": 384.8, "hospital": 7.7, "deaths": 94}, {"date": "2021-10-08", "cases": 375.4, "hospital": 7.6, "deaths": 95}, {"date": "2021-10-07", "cases": 365.3, "hospital": 7.4, "deaths": 95}, {"date": "2021-10-06", "cases": 355.9, "hospital": 7.3, "deaths": 79}, {"date": "2021-10-05", "cases": 349.0, "hospital": 7.3, "deaths": 96}, {"date": "2021-10-04", "cases": 344.4, "hospital": 7.2, "deaths": 84}, {"date": "2021-10-03", "cases": 341.1, "hospital": 7.1, "deaths": 78}, {"date": "2021-10-02", "cases": 340.5, "hospital": 7.1, "deaths": 73}, {"date": "2021-10-01", "cases": 343.2, "hospital": 7.0, "deaths": 102}, {"date": "2021-09-30", "cases": 346.0, "hospital": 7.1, "deaths": 95}, {"date": "2021-09-29", "cases": 348.7, "hospital": 7.1, "deaths": 93}, {"date": "2021-09-28", "cases": 348.9, "hospital": 7.0, "deaths": 88}, {"date": "2021-09-27", "cases": 350.5, "hospital": 7.0, "deaths": 84}, {"date": "2021-09-26", "cases": 346.2, "hospital": 7.0, "deaths": 76}, {"date": "2021-09-25", "cases": 342.6, "hospital": 7.1, "deaths": 89}, {"date": "2021-09-24", "cases": 338.2, "hospital": 7.2, "deaths": 100}, {"date": "2021-09-23", "cases": 332.2, "hospital": 7.1, "deaths": 109}, {"date": "2021-09-22", "cases": 321.6, "hospital": 7.3, "deaths": 114}, {"date": "2021-09-21", "cases": 310.3, "hospital": 7.5, "deaths": 99}, {"date": "2021-09-20", "cases": 296.3, "hospital": 7.7, "deaths": 116}, {"date": "2021-09-19", "cases": 284.1, "hospital": 7.8, "deaths": 102}, {"date": "2021-09-18", "cases": 271.9, "hospital": 8.0, "deaths": 102}, {"date": "2021-09-17", "cases": 264.9, "hospital": 8.1, "deaths": 130}, {"date": "2021-09-16", "cases": 262.5, "hospital": 8.4, "deaths": 118}, {"date": "2021-09-15", "cases": 266.2, "hospital": 8.6, "deaths": 122}, {"date": "2021-09-14", "cases": 272.0, "hospital": 9.0, "deaths": 126}, {"date": "2021-09-13", "cases": 281.3, "hospital": 9.1, "deaths": 78}, {"date": "2021-09-12", "cases": 295.4, "hospital": 9.4, "deaths": 102}, {"date": "2021-09-11", "cases": 305.2, "hospital": 9.4, "deaths": 109}, {"date": "2021-09-10", "cases": 316.7, "hospital": 9.6, "deaths": 111}, {"date": "2021-09-09", "cases": 330.3, "hospital": 9.6, "deaths": 137}, {"date": "2021-09-08", "cases": 341.2, "hospital": 9.6, "deaths": 116}, {"date": "2021-09-07", "cases": 351.7, "hospital": 9.5, "deaths": 129}, {"date": "2021-09-06", "cases": 361.7, "hospital": 9.5, "deaths": 129}, {"date": "2021-09-05", "cases": 347.2, "hospital": 9.5, "deaths": 122}, {"date": "2021-09-04", "cases": 339.6, "hospital": 9.5, "deaths": 119}, {"date": "2021-09-03", "cases": 333.9, "hospital": 9.4, "deaths": 124}, {"date": "2021-09-02", "cases": 325.9, "hospital": 9.5, "deaths": 105}, {"date": "2021-09-01", "cases": 318.6, "hospital": 9.5, "deaths": 102}, {"date": "2021-08-31", "cases": 312.0, "hospital": 9.5, "deaths": 102}, {"date": "2021-08-30", "cases": 302.6, "hospital": 9.5, "deaths": 93}, {"date": "2021-08-29", "cases": 312.1, "hospital": 9.6, "deaths": 114}, {"date": "2021-08-28", "cases": 317.8, "hospital": 9.6, "deaths": 105}, {"date": "2021-08-27", "cases": 322.2, "hospital": 9.7, "deaths": 114}, {"date": "2021-08-26", "cases": 324.5, "hospital": 9.7, "deaths": 108}, {"date": "2021-08-25", "cases": 329.1, "hospital": 9.8, "deaths": 86}, {"date": "2021-08-24", "cases": 335.3, "hospital": 9.7, "deaths": 104}, {"date": "2021-08-23", "cases": 340.4, "hospital": 9.7, "deaths": 97}, {"date": "2021-08-22", "cases": 341.3, "hospital": 9.6, "deaths": 110}, {"date": "2021-08-21", "cases": 339.4, "hospital": 9.6, "deaths": 97}, {"date": "2021-08-20", "cases": 337.1, "hospital": 9.5, "deaths": 108}, {"date": "2021-08-19", "cases": 336.1, "hospital": 9.4, "deaths": 99}, {"date": "2021-08-18", "cases": 333.7, "hospital": 9.3, "deaths": 89}, {"date": "2021-08-17", "cases": 329.6, "hospital": 9.2, "deaths": 89}, {"date": "2021-08-16", "cases": 323.4, "hospital": 9.1, "deaths": 78}, {"date": "2021-08-15", "cases": 318.9, "hospital": 8.9, "deaths": 75}, {"date": "2021-08-14", "cases": 316.9, "hospital": 8.8, "deaths": 86}, {"date": "2021-08-13", "cases": 314.5, "hospital": 8.7, "deaths": 81}, {"date": "2021-08-12", "cases": 314.2, "hospital": 8.6, "deaths": 91}, {"date": "2021-08-11", "cases": 315.0, "hospital": 8.5, "deaths": 78}, {"date": "2021-08-10", "cases": 314.6, "hospital": 8.5, "deaths": 73}, {"date": "2021-08-09", "cases": 313.6, "hospital": 8.4, "deaths": 74}, {"date": "2021-08-08", "cases": 310.6, "hospital": 8.4, "deaths": 67}, {"date": "2021-08-07", "cases": 308.0, "hospital": 8.4, "deaths": 90}, {"date": "2021-08-06", "cases": 305.4, "hospital": 8.3, "deaths": 85}, {"date": "2021-08-05", "cases": 300.5, "hospital": 8.3, "deaths": 89}, {"date": "2021-08-04", "cases": 295.6, "hospital": 8.4, "deaths": 79}, {"date": "2021-08-03", "cases": 292.1, "hospital": 8.4, "deaths": 70}, {"date": "2021-08-02", "cases": 290.3, "hospital": 8.6, "deaths": 76}, {"date": "2021-08-01", "cases": 290.2, "hospital": 8.9, "deaths": 74}, {"date": "2021-07-31", "cases": 291.9, "hospital": 9.2, "deaths": 73}, {"date": "2021-07-30", "cases": 295.1, "hospital": 9.5, "deaths": 90}, {"date": "2021-07-29", "cases": 299.5, "hospital": 9.6, "deaths": 73}, {"date": "2021-07-28", "cases": 303.7, "hospital": 9.7, "deaths": 70}, {"date": "2021-07-27", "cases": 312.1, "hospital": 9.8, "deaths": 61}, {"date": "2021-07-26", "cases": 329.6, "hospital": 9.8, "deaths": 70}, {"date": "2021-07-25", "cases": 359.4, "hospital": 9.7, "deaths": 62}, {"date": "2021-07-24", "cases": 383.3, "hospital": 9.4, "deaths": 60}, {"date": "2021-07-23", "cases": 409.8, "hospital": 9.2, "deaths": 68}, {"date": "2021-07-22", "cases": 456.8, "hospital": 9.0, "deaths": 74}, {"date": "2021-07-21", "cases": 509.6, "hospital": 8.7, "deaths": 48}, {"date": "2021-07-20", "cases": 542.6, "hospital": 8.4, "deaths": 54}, {"date": "2021-07-19", "cases": 555.5, "hospital": 8.1, "deaths": 76}, {"date": "2021-07-18", "cases": 550.3, "hospital": 7.8, "deaths": 60}, {"date": "2021-07-17", "cases": 540.2, "hospital": 7.5, "deaths": 49}, {"date": "2021-07-16", "cases": 522.7, "hospital": 7.2, "deaths": 44}, {"date": "2021-07-15", "cases": 483.7, "hospital": 6.9, "deaths": 45}, {"date": "2021-07-14", "cases": 434.8, "hospital": 6.6, "deaths": 38}, {"date": "2021-07-13", "cases": 406.4, "hospital": 6.3, "deaths": 40}, {"date": "2021-07-12", "cases": 385.8, "hospital": 6.0, "deaths": 34}, {"date": "2021-07-11", "cases": 367.7, "hospital": 5.7, "deaths": 28}, {"date": "2021-07-10", "cases": 357.8, "hospital": 5.5, "deaths": 34}, {"date": "2021-07-09", "cases": 349.3, "hospital": 5.3, "deaths": 43}, {"date": "2021-07-08", "cases": 337.4, "hospital": 5.0, "deaths": 30}, {"date": "2021-07-07", "cases": 327.3, "hospital": 4.7, "deaths": 28}, {"date": "2021-07-06", "cases": 309.1, "hospital": 4.5, "deaths": 22}, {"date": "2021-07-05", "cases": 294.3, "hospital": 4.1, "deaths": 21}, {"date": "2021-07-04", "cases": 282.4, "hospital": 3.8, "deaths": 24}, {"date": "2021-07-03", "cases": 271.1, "hospital": 3.6, "deaths": 27}, {"date": "2021-07-02", "cases": 258.4, "hospital": 3.4, "deaths": 26}, {"date": "2021-07-01", "cases": 245.4, "hospital": 3.2, "deaths": 25}, {"date": "2021-06-30", "cases": 229.1, "hospital": 3.0, "deaths": 23}, {"date": "2021-06-29", "cases": 213.0, "hospital": 2.8, "deaths": 21}, {"date": "2021-06-28", "cases": 195.9, "hospital": 2.6, "deaths": 13}, {"date": "2021-06-27", "cases": 176.8, "hospital": 2.5, "deaths": 20}, {"date": "2021-06-26", "cases": 164.0, "hospital": 2.4, "deaths": 10}, {"date": "2021-06-25", "cases": 152.8, "hospital": 2.3, "deaths": 21}, {"date": "2021-06-24", "cases": 141.9, "hospital": 2.3, "deaths": 23}, {"date": "2021-06-23", "cases": 132.1, "hospital": 2.3, "deaths": 6}, {"date": "2021-06-22", "cases": 122.6, "hospital": 2.3, "deaths": 13}, {"date": "2021-06-21", "cases": 114.8, "hospital": 2.3, "deaths": 12}, {"date": "2021-06-20", "cases": 108.1, "hospital": 2.3, "deaths": 20}, {"date": "2021-06-19", "cases": 104.3, "hospital": 2.3, "deaths": 17}, {"date": "2021-06-18", "cases": 101.3, "hospital": 2.2, "deaths": 14}, {"date": "2021-06-17", "cases": 97.3, "hospital": 2.2, "deaths": 7}, {"date": "2021-06-16", "cases": 92.4, "hospital": 2.1, "deaths": 15}, {"date": "2021-06-15", "cases": 88.0, "hospital": 2.1, "deaths": 15}, {"date": "2021-06-14", "cases": 83.5, "hospital": 2.0, "deaths": 12}, {"date": "2021-06-13", "cases": 79.7, "hospital": 1.9, "deaths": 9}, {"date": "2021-06-12", "cases": 77.3, "hospital": 1.8, "deaths": 11}, {"date": "2021-06-11", "cases": 74.7, "hospital": 1.7, "deaths": 11}, {"date": "2021-06-10", "cases": 71.9, "hospital": 1.6, "deaths": 16}, {"date": "2021-06-09", "cases": 69.1, "hospital": 1.5, "deaths": 14}, {"date": "2021-06-08", "cases": 65.7, "hospital": 1.4, "deaths": 13}, {"date": "2021-06-07", "cases": 62.0, "hospital": 1.3, "deaths": 5}, {"date": "2021-06-06", "cases": 55.6, "hospital": 1.3, "deaths": 12}, {"date": "2021-06-05", "cases": 51.8, "hospital": 1.2, "deaths": 5}, {"date": "2021-06-04", "cases": 49.2, "hospital": 1.2, "deaths": 13}, {"date": "2021-06-03", "cases": 45.7, "hospital": 1.1, "deaths": 14}, {"date": "2021-06-02", "cases": 42.1, "hospital": 1.1, "deaths": 10}, {"date": "2021-06-01", "cases": 38.8, "hospital": 1.1, "deaths": 9}, {"date": "2021-05-31", "cases": 35.7, "hospital": 1.1, "deaths": 10}, {"date": "2021-05-30", "cases": 35.0, "hospital": 1.1, "deaths": 8}, {"date": "2021-05-29", "cases": 33.8, "hospital": 1.1, "deaths": 9}, {"date": "2021-05-28", "cases": 32.3, "hospital": 1.1, "deaths": 12}, {"date": "2021-05-27", "cases": 30.4, "hospital": 1.1, "deaths": 8}, {"date": "2021-05-26", "cases": 28.5, "hospital": 1.1, "deaths": 12}, {"date": "2021-05-25", "cases": 26.9, "hospital": 1.1, "deaths": 8}, {"date": "2021-05-24", "cases": 25.9, "hospital": 1.1, "deaths": 13}, {"date": "2021-05-23", "cases": 25.2, "hospital": 1.0, "deaths": 14}, {"date": "2021-05-22", "cases": 24.6, "hospital": 1.0, "deaths": 3}, {"date": "2021-05-21", "cases": 24.1, "hospital": 1.0, "deaths": 16}, {"date": "2021-05-20", "cases": 23.5, "hospital": 1.0, "deaths": 6}, {"date": "2021-05-19", "cases": 23.0, "hospital": 0.9, "deaths": 3}, {"date": "2021-05-18", "cases": 22.3, "hospital": 0.9, "deaths": 9}, {"date": "2021-05-17", "cases": 21.7, "hospital": 0.9, "deaths": 11}, {"date": "2021-05-16", "cases": 21.6, "hospital": 0.9, "deaths": 10}, {"date": "2021-05-15", "cases": 22.3, "hospital": 1.0, "deaths": 13}, {"date": "2021-05-14", "cases": 22.3, "hospital": 1.0, "deaths": 9}, {"date": "2021-05-13", "cases": 22.5, "hospital": 1.0, "deaths": 10}, {"date": "2021-05-12", "cases": 22.9, "hospital": 1.0, "deaths": 13}, {"date": "2021-05-11", "cases": 23.5, "hospital": 1.0, "deaths": 19}, {"date": "2021-05-10", "cases": 24.1, "hospital": 1.0, "deaths": 7}, {"date": "2021-05-09", "cases": 23.2, "hospital": 1.0, "deaths": 11}, {"date": "2021-05-08", "cases": 22.0, "hospital": 1.1, "deaths": 17}, {"date": "2021-05-07", "cases": 21.8, "hospital": 1.1, "deaths": 16}, {"date": "2021-05-06", "cases": 21.6, "hospital": 1.1, "deaths": 14}, {"date": "2021-05-05", "cases": 21.5, "hospital": 1.0, "deaths": 20}, {"date": "2021-05-04", "cases": 21.4, "hospital": 1.0, "deaths": 14}, {"date": "2021-05-03", "cases": 20.7, "hospital": 1.1, "deaths": 17}, {"date": "2021-05-02", "cases": 21.5, "hospital": 1.1, "deaths": 16}, {"date": "2021-05-01", "cases": 22.6, "hospital": 1.2, "deaths": 14}, {"date": "2021-04-30", "cases": 22.7, "hospital": 1.2, "deaths": 16}, {"date": "2021-04-29", "cases": 23.0, "hospital": 1.3, "deaths": 15}, {"date": "2021-04-28", "cases": 23.3, "hospital": 1.3, "deaths": 19}, {"date": "2021-04-27", "cases": 23.5, "hospital": 1.4, "deaths": 23}, {"date": "2021-04-26", "cases": 24.1, "hospital": 1.3, "deaths": 19}, {"date": "2021-04-25", "cases": 24.1, "hospital": 1.4, "deaths": 22}, {"date": "2021-04-24", "cases": 24.7, "hospital": 1.4, "deaths": 19}, {"date": "2021-04-23", "cases": 24.9, "hospital": 1.5, "deaths": 23}, {"date": "2021-04-22", "cases": 25.4, "hospital": 1.4, "deaths": 28}, {"date": "2021-04-21", "cases": 25.3, "hospital": 1.5, "deaths": 26}, {"date": "2021-04-20", "cases": 24.8, "hospital": 1.6, "deaths": 30}, {"date": "2021-04-19", "cases": 24.8, "hospital": 1.7, "deaths": 17}, {"date": "2021-04-18", "cases": 25.0, "hospital": 1.7, "deaths": 27}, {"date": "2021-04-17", "cases": 24.5, "hospital": 1.8, "deaths": 36}, {"date": "2021-04-16", "cases": 25.6, "hospital": 1.9, "deaths": 28}, {"date": "2021-04-15", "cases": 26.5, "hospital": 1.9, "deaths": 37}, {"date": "2021-04-14", "cases": 27.7, "hospital": 2.0, "deaths": 26}, {"date": "2021-04-13", "cases": 29.0, "hospital": 2.1, "deaths": 37}, {"date": "2021-04-12", "cases": 30.2, "hospital": 2.1, "deaths": 36}, {"date": "2021-04-11", "cases": 30.0, "hospital": 2.2, "deaths": 34}, {"date": "2021-04-10", "cases": 30.1, "hospital": 2.1, "deaths": 36}, {"date": "2021-04-09", "cases": 30.3, "hospital": 2.2, "deaths": 32}, {"date": "2021-04-08", "cases": 29.9, "hospital": 2.2, "deaths": 52}, {"date": "2021-04-07", "cases": 30.6, "hospital": 2.2, "deaths": 38}, {"date": "2021-04-06", "cases": 31.6, "hospital": 2.3, "deaths": 37}, {"date": "2021-04-05", "cases": 32.3, "hospital": 2.3, "deaths": 35}, {"date": "2021-04-04", "cases": 34.3, "hospital": 2.4, "deaths": 51}, {"date": "2021-04-03", "cases": 38.6, "hospital": 2.5, "deaths": 34}, {"date": "2021-04-02", "cases": 40.4, "hospital": 2.6, "deaths": 38}, {"date": "2021-04-01", "cases": 43.1, "hospital": 2.7, "deaths": 54}, {"date": "2021-03-31", "cases": 46.0, "hospital": 2.9, "deaths": 64}, {"date": "2021-03-30", "cases": 49.5, "hospital": 3.0, "deaths": 50}, {"date": "2021-03-29", "cases": 52.0, "hospital": 3.1, "deaths": 58}, {"date": "2021-03-28", "cases": 55.5, "hospital": 3.2, "deaths": 43}, {"date": "2021-03-27", "cases": 55.8, "hospital": 3.4, "deaths": 55}, {"date": "2021-03-26", "cases": 56.5, "hospital": 3.5, "deaths": 61}, {"date": "2021-03-25", "cases": 57.4, "hospital": 3.5, "deaths": 68}, {"date": "2021-03-24", "cases": 57.5, "hospital": 3.7, "deaths": 58}, {"date": "2021-03-23", "cases": 57.0, "hospital": 3.8, "deaths": 83}, {"date": "2021-03-22", "cases": 57.6, "hospital": 3.9, "deaths": 89}, {"date": "2021-03-21", "cases": 58.1, "hospital": 4.1, "deaths": 109}, {"date": "2021-03-20", "cases": 56.4, "hospital": 4.3, "deaths": 89}, {"date": "2021-03-19", "cases": 56.5, "hospital": 4.4, "deaths": 82}, {"date": "2021-03-18", "cases": 57.3, "hospital": 4.6, "deaths": 85}, {"date": "2021-03-17", "cases": 57.5, "hospital": 4.8, "deaths": 104}, {"date": "2021-03-16", "cases": 57.8, "hospital": 5.1, "deaths": 94}, {"date": "2021-03-15", "cases": 58.8, "hospital": 5.3, "deaths": 122}, {"date": "2021-03-14", "cases": 59.1, "hospital": 5.4, "deaths": 115}, {"date": "2021-03-13", "cases": 59.1, "hospital": 5.6, "deaths": 123}, {"date": "2021-03-12", "cases": 59.5, "hospital": 5.8, "deaths": 117}, {"date": "2021-03-11", "cases": 59.4, "hospital": 6.0, "deaths": 152}, {"date": "2021-03-10", "cases": 59.7, "hospital": 6.3, "deaths": 136}, {"date": "2021-03-09", "cases": 59.9, "hospital": 6.5, "deaths": 160}, {"date": "2021-03-08", "cases": 60.7, "hospital": 6.8, "deaths": 165}, {"date": "2021-03-07", "cases": 61.4, "hospital": 7.2, "deaths": 175}, {"date": "2021-03-06", "cases": 62.2, "hospital": 7.5, "deaths": 178}, {"date": "2021-03-05", "cases": 62.9, "hospital": 7.7, "deaths": 203}, {"date": "2021-03-04", "cases": 65.0, "hospital": 8.1, "deaths": 204}, {"date": "2021-03-03", "cases": 68.4, "hospital": 8.5, "deaths": 188}, {"date": "2021-03-02", "cases": 72.4, "hospital": 9.0, "deaths": 210}, {"date": "2021-03-01", "cases": 77.0, "hospital": 9.5, "deaths": 254}, {"date": "2021-02-28", "cases": 84.2, "hospital": 10.0, "deaths": 257}, {"date": "2021-02-27", "cases": 89.4, "hospital": 10.6, "deaths": 265}, {"date": "2021-02-26", "cases": 94.5, "hospital": 11.1, "deaths": 262}, {"date": "2021-02-25", "cases": 100.5, "hospital": 11.7, "deaths": 308}, {"date": "2021-02-24", "cases": 106.4, "hospital": 12.3, "deaths": 317}, {"date": "2021-02-23", "cases": 111.4, "hospital": 12.9, "deaths": 336}, {"date": "2021-02-22", "cases": 116.2, "hospital": 13.5, "deaths": 325}, {"date": "2021-02-21", "cases": 120.9, "hospital": 14.1, "deaths": 355}, {"date": "2021-02-20", "cases": 122.2, "hospital": 14.8, "deaths": 388}, {"date": "2021-02-19", "cases": 123.8, "hospital": 15.4, "deaths": 390}, {"date": "2021-02-18", "cases": 126.9, "hospital": 15.8, "deaths": 454}, {"date": "2021-02-17", "cases": 129.2, "hospital": 16.3, "deaths": 438}, {"date": "2021-02-16", "cases": 132.5, "hospital": 16.9, "deaths": 501}, {"date": "2021-02-15", "cases": 135.0, "hospital": 17.2, "deaths": 549}, {"date": "2021-02-14", "cases": 137.5, "hospital": 18.0, "deaths": 520}, {"date": "2021-02-13", "cases": 142.3, "hospital": 18.5, "deaths": 512}, {"date": "2021-02-12", "cases": 147.4, "hospital": 19.3, "deaths": 546}, {"date": "2021-02-11", "cases": 153.6, "hospital": 20.1, "deaths": 590}, {"date": "2021-02-10", "cases": 162.6, "hospital": 20.9, "deaths": 629}, {"date": "2021-02-09", "cases": 172.6, "hospital": 21.9, "deaths": 628}, {"date": "2021-02-08", "cases": 182.3, "hospital": 23.1, "deaths": 702}, {"date": "2021-02-07", "cases": 193.6, "hospital": 24.2, "deaths": 665}, {"date": "2021-02-06", "cases": 200.1, "hospital": 25.1, "deaths": 686}, {"date": "2021-02-05", "cases": 208.2, "hospital": 26.0, "deaths": 771}, {"date": "2021-02-04", "cases": 218.7, "hospital": 27.1, "deaths": 735}, {"date": "2021-02-03", "cases": 228.9, "hospital": 28.5, "deaths": 872}, {"date": "2021-02-02", "cases": 239.4, "hospital": 29.7, "deaths": 854}, {"date": "2021-02-01", "cases": 251.9, "hospital": 30.7, "deaths": 893}, {"date": "2021-01-31", "cases": 264.6, "hospital": 31.2, "deaths": 899}, {"date": "2021-01-30", "cases": 267.7, "hospital": 32.4, "deaths": 924}, {"date": "2021-01-29", "cases": 276.3, "hospital": 33.4, "deaths": 1008}, {"date": "2021-01-28", "cases": 289.4, "hospital": 34.5, "deaths": 1110}, {"date": "2021-01-27", "cases": 302.0, "hospital": 35.4, "deaths": 1108}, {"date": "2021-01-26", "cases": 317.5, "hospital": 37.1, "deaths": 1046}, {"date": "2021-01-25", "cases": 338.4, "hospital": 38.8, "deaths": 1150}, {"date": "2021-01-24", "cases": 363.1, "hospital": 40.7, "deaths": 1086}, {"date": "2021-01-23", "cases": 382.7, "hospital": 41.8, "deaths": 1148}, {"date": "2021-01-22", "cases": 396.9, "hospital": 43.2, "deaths": 1189}, {"date": "2021-01-21", "cases": 414.8, "hospital": 43.6, "deaths": 1204}, {"date": "2021-01-20", "cases": 432.5, "hospital": 44.4, "deaths": 1237}, {"date": "2021-01-19", "cases": 449.5, "hospital": 44.7, "deaths": 1328}, {"date": "2021-01-18", "cases": 465.3, "hospital": 45.4, "deaths": 1242}, {"date": "2021-01-17", "cases": 485.8, "hospital": 45.7, "deaths": 1229}, {"date": "2021-01-16", "cases": 497.8, "hospital": 45.9, "deaths": 1241}, {"date": "2021-01-15", "cases": 511.9, "hospital": 46.2, "deaths": 1162}, {"date": "2021-01-14", "cases": 521.9, "hospital": 46.7, "deaths": 1167}, {"date": "2021-01-13", "cases": 536.8, "hospital": 47.0, "deaths": 1161}, {"date": "2021-01-12", "cases": 555.3, "hospital": 47.2, "deaths": 1173}, {"date": "2021-01-11", "cases": 579.4, "hospital": 46.4, "deaths": 1076}, {"date": "2021-01-10", "cases": 610.2, "hospital": 45.9, "deaths": 1030}, {"date": "2021-01-09", "cases": 640.1, "hospital": 45.5, "deaths": 976}, {"date": "2021-01-08", "cases": 673.7, "hospital": 44.5, "deaths": 922}, {"date": "2021-01-07", "cases": 647.9, "hospital": 43.5, "deaths": 918}, {"date": "2021-01-06", "cases": 647.3, "hospital": 41.2, "deaths": 882}, {"date": "2021-01-05", "cases": 667.7, "hospital": 39.2, "deaths": 856}, {"date": "2021-01-04", "cases": 693.2, "hospital": 37.8, "deaths": 790}, {"date": "2021-01-03", "cases": 640.0, "hospital": 36.4, "deaths": 684}, {"date": "2021-01-02", "cases": 626.9, "hospital": 35.0, "deaths": 726}, {"date": "2021-01-01", "cases": 595.2, "hospital": 33.5, "deaths": 689}, {"date": "2020-12-31", "cases": 566.9, "hospital": 31.7, "deaths": 701}, {"date": "2020-12-30", "cases": 534.2, "hospital": 30.3, "deaths": 655}, {"date": "2020-12-29", "cases": 488.4, "hospital": 28.8, "deaths": 614}, {"date": "2020-12-28", "cases": 431.3, "hospital": 27.6, "deaths": 615}, {"date": "2020-12-27", "cases": 435.9, "hospital": 26.4, "deaths": 612}, {"date": "2020-12-26", "cases": 411.7, "hospital": 25.3, "deaths": 593}, {"date": "2020-12-25", "cases": 384.7, "hospital": 24.5, "deaths": 558}, {"date": "2020-12-24", "cases": 419.2, "hospital": 24.0, "deaths": 503}, {"date": "2020-12-23", "cases": 420.7, "hospital": 24.1, "deaths": 519}, {"date": "2020-12-22", "cases": 407.0, "hospital": 23.8, "deaths": 539}, {"date": "2020-12-21", "cases": 385.6, "hospital": 22.9, "deaths": 506}, {"date": "2020-12-20", "cases": 361.9, "hospital": 22.3, "deaths": 455}, {"date": "2020-12-19", "cases": 342.2, "hospital": 21.6, "deaths": 457}, {"date": "2020-12-18", "cases": 331.7, "hospital": 21.2, "deaths": 478}, {"date": "2020-12-17", "cases": 310.1, "hospital": 20.8, "deaths": 463}, {"date": "2020-12-16", "cases": 290.1, "hospital": 20.2, "deaths": 386}, {"date": "2020-12-15", "cases": 267.2, "hospital": 19.7, "deaths": 408}, {"date": "2020-12-14", "cases": 244.7, "hospital": 19.4, "deaths": 422}, {"date": "2020-12-13", "cases": 222.9, "hospital": 18.9, "deaths": 410}, {"date": "2020-12-12", "cases": 209.9, "hospital": 18.4, "deaths": 411}, {"date": "2020-12-11", "cases": 199.3, "hospital": 17.7, "deaths": 424}, {"date": "2020-12-10", "cases": 186.7, "hospital": 17.4, "deaths": 407}, {"date": "2020-12-09", "cases": 176.0, "hospital": 17.0, "deaths": 381}, {"date": "2020-12-08", "cases": 168.7, "hospital": 16.5, "deaths": 398}, {"date": "2020-12-07", "cases": 163.1, "hospital": 16.1, "deaths": 379}, {"date": "2020-12-06", "cases": 158.8, "hospital": 15.6, "deaths": 363}, {"date": "2020-12-05", "cases": 155.3, "hospital": 15.4, "deaths": 345}, {"date": "2020-12-04", "cases": 153.6, "hospital": 15.2, "deaths": 420}, {"date": "2020-12-03", "cases": 152.5, "hospital": 14.9, "deaths": 410}, {"date": "2020-12-02", "cases": 152.0, "hospital": 14.6, "deaths": 348}, {"date": "2020-12-01", "cases": 152.9, "hospital": 14.9, "deaths": 359}, {"date": "2020-11-30", "cases": 153.8, "hospital": 14.9, "deaths": 385}, {"date": "2020-11-29", "cases": 156.0, "hospital": 15.2, "deaths": 423}, {"date": "2020-11-28", "cases": 158.0, "hospital": 15.4, "deaths": 389}, {"date": "2020-11-27", "cases": 160.6, "hospital": 15.8, "deaths": 387}, {"date": "2020-11-26", "cases": 165.0, "hospital": 16.2, "deaths": 380}, {"date": "2020-11-25", "cases": 170.9, "hospital": 16.7, "deaths": 436}, {"date": "2020-11-24", "cases": 178.7, "hospital": 17.0, "deaths": 423}, {"date": "2020-11-23", "cases": 190.0, "hospital": 17.4, "deaths": 429}, {"date": "2020-11-22", "cases": 203.6, "hospital": 17.7, "deaths": 420}, {"date": "2020-11-21", "cases": 211.0, "hospital": 17.9, "deaths": 413}, {"date": "2020-11-20", "cases": 220.7, "hospital": 18.2, "deaths": 407}, {"date": "2020-11-19", "cases": 233.2, "hospital": 18.4, "deaths": 407}, {"date": "2020-11-18", "cases": 244.7, "hospital": 18.7, "deaths": 444}, {"date": "2020-11-17", "cases": 256.3, "hospital": 18.9, "deaths": 378}, {"date": "2020-11-16", "cases": 263.6, "hospital": 19.1, "deaths": 362}, {"date": "2020-11-15", "cases": 271.4, "hospital": 19.1, "deaths": 375}, {"date": "2020-11-14", "cases": 278.3, "hospital": 19.1, "deaths": 367}, {"date": "2020-11-13", "cases": 279.3, "hospital": 19.0, "deaths": 352}, {"date": "2020-11-12", "cases": 277.8, "hospital": 18.6, "deaths": 357}, {"date": "2020-11-11", "cases": 275.9, "hospital": 18.0, "deaths": 317}, {"date": "2020-11-10", "cases": 268.8, "hospital": 17.4, "deaths": 329}, {"date": "2020-11-09", "cases": 265.0, "hospital": 16.8, "deaths": 404}, {"date": "2020-11-08", "cases": 264.7, "hospital": 16.4, "deaths": 347}, {"date": "2020-11-07", "cases": 256.4, "hospital": 16.1, "deaths": 348}, {"date": "2020-11-06", "cases": 252.3, "hospital": 15.9, "deaths": 339}, {"date": "2020-11-05", "cases": 250.1, "hospital": 15.8, "deaths": 300}, {"date": "2020-11-04", "cases": 248.4, "hospital": 15.8, "deaths": 283}, {"date": "2020-11-03", "cases": 247.5, "hospital": 15.5, "deaths": 304}, {"date": "2020-11-02", "cases": 244.1, "hospital": 15.4, "deaths": 279}, {"date": "2020-11-01", "cases": 234.6, "hospital": 15.4, "deaths": 283}, {"date": "2020-10-31", "cases": 234.2, "hospital": 15.2, "deaths": 277}, {"date": "2020-10-30", "cases": 232.7, "hospital": 14.7, "deaths": 284}, {"date": "2020-10-29", "cases": 229.9, "hospital": 14.5, "deaths": 253}, {"date": "2020-10-28", "cases": 229.2, "hospital": 13.9, "deaths": 228}, {"date": "2020-10-27", "cases": 231.4, "hospital": 13.5, "deaths": 226}, {"date": "2020-10-26", "cases": 232.9, "hospital": 13.0, "deaths": 218}, {"date": "2020-10-25", "cases": 231.8, "hospital": 12.3, "deaths": 207}, {"date": "2020-10-24", "cases": 229.3, "hospital": 11.7, "deaths": 174}, {"date": "2020-10-23", "cases": 227.2, "hospital": 11.4, "deaths": 183}, {"date": "2020-10-22", "cases": 220.8, "hospital": 10.7, "deaths": 186}, {"date": "2020-10-21", "cases": 213.0, "hospital": 10.4, "deaths": 196}, {"date": "2020-10-20", "cases": 203.9, "hospital": 9.9, "deaths": 177}, {"date": "2020-10-19", "cases": 193.3, "hospital": 9.6, "deaths": 155}, {"date": "2020-10-18", "cases": 182.8, "hospital": 9.2, "deaths": 124}, {"date": "2020-10-17", "cases": 178.9, "hospital": 8.8, "deaths": 168}, {"date": "2020-10-16", "cases": 175.1, "hospital": 8.3, "deaths": 125}, {"date": "2020-10-15", "cases": 172.2, "hospital": 8.2, "deaths": 124}, {"date": "2020-10-14", "cases": 172.3, "hospital": 7.7, "deaths": 104}, {"date": "2020-10-13", "cases": 170.1, "hospital": 7.3, "deaths": 94}, {"date": "2020-10-12", "cases": 168.0, "hospital": 6.9, "deaths": 94}, {"date": "2020-10-11", "cases": 164.1, "hospital": 6.5, "deaths": 106}, {"date": "2020-10-10", "cases": 164.4, "hospital": 6.3, "deaths": 87}, {"date": "2020-10-09", "cases": 163.6, "hospital": 6.0, "deaths": 82}, {"date": "2020-10-08", "cases": 161.0, "hospital": 5.7, "deaths": 80}, {"date": "2020-10-07", "cases": 153.9, "hospital": 5.5, "deaths": 88}, {"date": "2020-10-06", "cases": 145.5, "hospital": 5.2, "deaths": 69}, {"date": "2020-10-05", "cases": 135.6, "hospital": 4.8, "deaths": 54}, {"date": "2020-10-04", "cases": 125.7, "hospital": 4.5, "deaths": 55}, {"date": "2020-10-03", "cases": 118.8, "hospital": 4.1, "deaths": 56}, {"date": "2020-10-02", "cases": 111.6, "hospital": 3.8, "deaths": 69}, {"date": "2020-10-01", "cases": 101.6, "hospital": 3.7, "deaths": 56}, {"date": "2020-09-30", "cases": 92.6, "hospital": 3.5, "deaths": 53}, {"date": "2020-09-29", "cases": 84.3, "hospital": 3.5, "deaths": 42}, {"date": "2020-09-28", "cases": 78.2, "hospital": 3.4, "deaths": 47}, {"date": "2020-09-27", "cases": 71.3, "hospital": 3.4, "deaths": 49}, {"date": "2020-09-26", "cases": 68.8, "hospital": 3.4, "deaths": 43}, {"date": "2020-09-25", "cases": 66.1, "hospital": 3.3, "deaths": 35}, {"date": "2020-09-24", "cases": 62.9, "hospital": 3.2, "deaths": 33}, {"date": "2020-09-23", "cases": 58.7, "hospital": 3.0, "deaths": 52}, {"date": "2020-09-22", "cases": 54.9, "hospital": 2.8, "deaths": 32}, {"date": "2020-09-21", "cases": 50.7, "hospital": 2.6, "deaths": 26}, {"date": "2020-09-20", "cases": 47.6, "hospital": 2.5, "deaths": 34}, {"date": "2020-09-19", "cases": 42.4, "hospital": 2.3, "deaths": 22}, {"date": "2020-09-18", "cases": 38.9, "hospital": 2.2, "deaths": 25}, {"date": "2020-09-17", "cases": 36.4, "hospital": 2.1, "deaths": 34}, {"date": "2020-09-16", "cases": 34.9, "hospital": 2.0, "deaths": 25}, {"date": "2020-09-15", "cases": 33.4, "hospital": 1.9, "deaths": 22}, {"date": "2020-09-14", "cases": 33.4, "hospital": 1.7, "deaths": 17}, {"date": "2020-09-13", "cases": 34.4, "hospital": 1.6, "deaths": 18}, {"date": "2020-09-12", "cases": 35.1, "hospital": 1.5, "deaths": 21}, {"date": "2020-09-11", "cases": 35.0, "hospital": 1.4, "deaths": 15}, {"date": "2020-09-10", "cases": 34.6, "hospital": 1.3, "deaths": 15}, {"date": "2020-09-09", "cases": 33.8, "hospital": 1.1, "deaths": 10}, {"date": "2020-09-08", "cases": 33.5, "hospital": 1.0, "deaths": 15}, {"date": "2020-09-07", "cases": 31.5, "hospital": 0.9, "deaths": 20}, {"date": "2020-09-06", "cases": 27.5, "hospital": 0.9, "deaths": 13}, {"date": "2020-09-05", "cases": 25.6, "hospital": 0.8, "deaths": 12}, {"date": "2020-09-04", "cases": 23.6, "hospital": 0.7, "deaths": 14}, {"date": "2020-09-03", "cases": 21.4, "hospital": 0.7, "deaths": 6}, {"date": "2020-09-02", "cases": 19.0, "hospital": 0.7, "deaths": 13}, {"date": "2020-09-01", "cases": 16.3, "hospital": 0.6, "deaths": 9}, {"date": "2020-08-31", "cases": 14.7, "hospital": 0.6, "deaths": 16}, {"date": "2020-08-30", "cases": 14.5, "hospital": 0.6, "deaths": 8}, {"date": "2020-08-29", "cases": 14.0, "hospital": 0.6, "deaths": 8}, {"date": "2020-08-28", "cases": 13.5, "hospital": 0.6, "deaths": 11}, {"date": "2020-08-27", "cases": 12.8, "hospital": 0.6, "deaths": 11}, {"date": "2020-08-26", "cases": 12.6, "hospital": 0.6, "deaths": 15}, {"date": "2020-08-25", "cases": 12.5, "hospital": 0.6, "deaths": 19}, {"date": "2020-08-24", "cases": 12.3, "hospital": 0.6, "deaths": 8}, {"date": "2020-08-23", "cases": 12.3, "hospital": 0.6, "deaths": 16}, {"date": "2020-08-22", "cases": 12.0, "hospital": 0.6, "deaths": 11}, {"date": "2020-08-21", "cases": 11.8, "hospital": 0.6, "deaths": 9}, {"date": "2020-08-20", "cases": 11.9, "hospital": 0.6, "deaths": 16}, {"date": "2020-08-19", "cases": 11.5, "hospital": 0.6, "deaths": 10}, {"date": "2020-08-18", "cases": 11.5, "hospital": 0.6, "deaths": 11}, {"date": "2020-08-17", "cases": 12.1, "hospital": 0.6, "deaths": 19}, {"date": "2020-08-16", "cases": 12.4, "hospital": 0.6, "deaths": 12}, {"date": "2020-08-15", "cases": 12.5, "hospital": 0.7, "deaths": 21}, {"date": "2020-08-14", "cases": 12.5, "hospital": 0.7, "deaths": 15}, {"date": "2020-08-13", "cases": 12.2, "hospital": 0.7, "deaths": 18}, {"date": "2020-08-12", "cases": 12.1, "hospital": 0.7, "deaths": 20}, {"date": "2020-08-11", "cases": 11.9, "hospital": 0.7, "deaths": 20}, {"date": "2020-08-10", "cases": 11.4, "hospital": 0.7, "deaths": 23}, {"date": "2020-08-09", "cases": 10.6, "hospital": 0.8, "deaths": 18}, {"date": "2020-08-08", "cases": 10.5, "hospital": 0.8, "deaths": 18}, {"date": "2020-08-07", "cases": 10.3, "hospital": 0.7, "deaths": 19}, {"date": "2020-08-06", "cases": 9.9, "hospital": 0.7, "deaths": 17}, {"date": "2020-08-05", "cases": 9.6, "hospital": 0.8, "deaths": 7}, {"date": "2020-08-04", "cases": 9.7, "hospital": 0.8, "deaths": 20}, {"date": "2020-08-03", "cases": 9.4, "hospital": 0.8, "deaths": 19}, {"date": "2020-08-02", "cases": 9.1, "hospital": 0.8, "deaths": 15}, {"date": "2020-08-01", "cases": 9.1, "hospital": 0.8, "deaths": 16}, {"date": "2020-07-31", "cases": 9.1, "hospital": 0.8, "deaths": 26}, {"date": "2020-07-30", "cases": 9.2, "hospital": 0.9, "deaths": 14}, {"date": "2020-07-29", "cases": 9.0, "hospital": 1.0, "deaths": 21}, {"date": "2020-07-28", "cases": 8.6, "hospital": 1.0, "deaths": 20}, {"date": "2020-07-27", "cases": 8.4, "hospital": 1.0, "deaths": 16}, {"date": "2020-07-26", "cases": 8.3, "hospital": 1.0, "deaths": 28}, {"date": "2020-07-25", "cases": 8.2, "hospital": 1.0, "deaths": 20}, {"date": "2020-07-24", "cases": 8.1, "hospital": 1.0, "deaths": 17}, {"date": "2020-07-23", "cases": 7.8, "hospital": 1.0, "deaths": 33}, {"date": "2020-07-22", "cases": 7.6, "hospital": 1.0, "deaths": 34}, {"date": "2020-07-21", "cases": 7.6, "hospital": 1.1, "deaths": 30}, {"date": "2020-07-20", "cases": 7.5, "hospital": 1.1, "deaths": 29}, {"date": "2020-07-19", "cases": 7.4, "hospital": 1.2, "deaths": 22}, {"date": "2020-07-18", "cases": 7.2, "hospital": 1.2, "deaths": 28}, {"date": "2020-07-17", "cases": 7.2, "hospital": 1.3, "deaths": 31}, {"date": "2020-07-16", "cases": 7.1, "hospital": 1.3, "deaths": 18}, {"date": "2020-07-15", "cases": 7.2, "hospital": 1.4, "deaths": 39}, {"date": "2020-07-14", "cases": 7.1, "hospital": 1.4, "deaths": 38}, {"date": "2020-07-13", "cases": 7.0, "hospital": 1.5, "deaths": 42}, {"date": "2020-07-12", "cases": 6.9, "hospital": 1.5, "deaths": 29}, {"date": "2020-07-11", "cases": 7.2, "hospital": 1.6, "deaths": 33}, {"date": "2020-07-10", "cases": 7.2, "hospital": 1.6, "deaths": 42}, {"date": "2020-07-09", "cases": 7.2, "hospital": 1.7, "deaths": 56}, {"date": "2020-07-08", "cases": 7.0, "hospital": 1.7, "deaths": 44}, {"date": "2020-07-07", "cases": 6.8, "hospital": 1.8, "deaths": 41}, {"date": "2020-07-06", "cases": 6.9, "hospital": 1.9, "deaths": 48}, {"date": "2020-07-05", "cases": 6.9, "hospital": 2.0, "deaths": 44}, {"date": "2020-07-04", "cases": 6.6, "hospital": 2.0, "deaths": 46}, {"date": "2020-07-03", "cases": 6.8, "hospital": 2.2, "deaths": 45}, {"date": "2020-07-02", "cases": 7.0, "hospital": 2.3, "deaths": 55}, {"date": "2020-07-01", "cases": 7.2, "hospital": 2.5, "deaths": 44}, {"date": "2020-06-30", "cases": 7.4, "hospital": 2.6, "deaths": 71}, {"date": "2020-06-29", "cases": 7.7, "hospital": 2.8, "deaths": 63}, {"date": "2020-06-28", "cases": 7.9, "hospital": 3.0, "deaths": 62}, {"date": "2020-06-27", "cases": 8.2, "hospital": 3.2, "deaths": 61}, {"date": "2020-06-26", "cases": 8.4, "hospital": 3.1, "deaths": 70}, {"date": "2020-06-25", "cases": 8.7, "hospital": 3.1, "deaths": 97}, {"date": "2020-06-24", "cases": 9.2, "hospital": 3.2, "deaths": 93}, {"date": "2020-06-23", "cases": 9.5, "hospital": 3.3, "deaths": 89}, {"date": "2020-06-22", "cases": 10.0, "hospital": 3.5, "deaths": 74}, {"date": "2020-06-21", "cases": 10.2, "hospital": 3.6, "deaths": 67}, {"date": "2020-06-20", "cases": 10.6, "hospital": 3.7, "deaths": 76}, {"date": "2020-06-19", "cases": 10.9, "hospital": 3.9, "deaths": 76}, {"date": "2020-06-18", "cases": 11.1, "hospital": 4.0, "deaths": 79}, {"date": "2020-06-17", "cases": 11.0, "hospital": 4.0, "deaths": 91}, {"date": "2020-06-16", "cases": 11.3, "hospital": 4.1, "deaths": 103}, {"date": "2020-06-15", "cases": 11.5, "hospital": 4.2, "deaths": 92}, {"date": "2020-06-14", "cases": 11.6, "hospital": 4.1, "deaths": 119}, {"date": "2020-06-13", "cases": 11.4, "hospital": 4.2, "deaths": 85}, {"date": "2020-06-12", "cases": 11.3, "hospital": 4.3, "deaths": 122}, {"date": "2020-06-11", "cases": 11.4, "hospital": 4.4, "deaths": 108}, {"date": "2020-06-10", "cases": 11.8, "hospital": 4.6, "deaths": 142}, {"date": "2020-06-09", "cases": 12.1, "hospital": 4.8, "deaths": 127}, {"date": "2020-06-08", "cases": 12.7, "hospital": 5.1, "deaths": 142}, {"date": "2020-06-07", "cases": 13.3, "hospital": 5.4, "deaths": 137}, {"date": "2020-06-06", "cases": 13.8, "hospital": 5.6, "deaths": 129}, {"date": "2020-06-05", "cases": 14.3, "hospital": 5.9, "deaths": 160}, {"date": "2020-06-04", "cases": 14.9, "hospital": 6.1, "deaths": 163}, {"date": "2020-06-03", "cases": 15.7, "hospital": 6.3, "deaths": 179}, {"date": "2020-06-02", "cases": 16.3, "hospital": 6.4, "deaths": 204}, {"date": "2020-06-01", "cases": 16.5, "hospital": 6.5, "deaths": 179}, {"date": "2020-05-31", "cases": 16.6, "hospital": 6.4, "deaths": 175}, {"date": "2020-05-30", "cases": 17.0, "hospital": 6.5, "deaths": 188}, {"date": "2020-05-29", "cases": 17.6, "hospital": 6.6, "deaths": 216}, {"date": "2020-05-28", "cases": 18.3, "hospital": 6.9, "deaths": 241}, {"date": "2020-05-27", "cases": 19.6, "hospital": 7.1, "deaths": 233}, {"date": "2020-05-26", "cases": 20.9, "hospital": 7.4, "deaths": 260}, {"date": "2020-05-25", "cases": 22.9, "hospital": 7.7, "deaths": 240}, {"date": "2020-05-24", "cases": 24.4, "hospital": 8.1, "deaths": 234}, {"date": "2020-05-23", "cases": 25.0, "hospital": 8.4, "deaths": 255}, {"date": "2020-05-22", "cases": 25.9, "hospital": 8.7, "deaths": 256}, {"date": "2020-05-21", "cases": 26.5, "hospital": 8.9, "deaths": 286}, {"date": "2020-05-20", "cases": 26.4, "hospital": 9.0, "deaths": 303}, {"date": "2020-05-19", "cases": 27.4, "hospital": 9.1, "deaths": 316}, {"date": "2020-05-18", "cases": 28.0, "hospital": 9.2, "deaths": 344}, {"date": "2020-05-17", "cases": 29.5, "hospital": 9.5, "deaths": 316}, {"date": "2020-05-16", "cases": 30.2, "hospital": 9.6, "deaths": 351}, {"date": "2020-05-15", "cases": 30.2, "hospital": 9.8, "deaths": 359}, {"date": "2020-05-14", "cases": 31.1, "hospital": 9.9, "deaths": 373}, {"date": "2020-05-13", "cases": 32.8, "hospital": 10.3, "deaths": 373}, {"date": "2020-05-12", "cases": 33.5, "hospital": 10.7, "deaths": 380}, {"date": "2020-05-11", "cases": 33.8, "hospital": 10.9, "deaths": 355}, {"date": "2020-05-10", "cases": 33.4, "hospital": 11.2, "deaths": 423}, {"date": "2020-05-09", "cases": 34.5, "hospital": 11.8, "deaths": 463}, {"date": "2020-05-08", "cases": 36.3, "hospital": 12.1, "deaths": 482}, {"date": "2020-05-07", "cases": 38.9, "hospital": 12.7, "deaths": 535}, {"date": "2020-05-06", "cases": 40.8, "hospital": 13.1, "deaths": 524}, {"date": "2020-05-05", "cases": 43.4, "hospital": 13.5, "deaths": 537}, {"date": "2020-05-04", "cases": 45.2, "hospital": 14.1, "deaths": 562}, {"date": "2020-05-03", "cases": 47.3, "hospital": 14.6, "deaths": 556}, {"date": "2020-05-02", "cases": 48.1, "hospital": 14.9, "deaths": 590}, {"date": "2020-05-01", "cases": 49.2, "hospital": 15.1, "deaths": 661}, {"date": "2020-04-30", "cases": 49.7, "hospital": 15.4, "deaths": 660}, {"date": "2020-04-29", "cases": 50.1, "hospital": 15.5, "deaths": 699}, {"date": "2020-04-28", "cases": 50.3, "hospital": 15.6, "deaths": 701}, {"date": "2020-04-27", "cases": 50.1, "hospital": 15.9, "deaths": 724}, {"date": "2020-04-26", "cases": 49.4, "hospital": 16.2, "deaths": 763}, {"date": "2020-04-25", "cases": 50.1, "hospital": 16.7, "deaths": 771}, {"date": "2020-04-24", "cases": 51.4, "hospital": 17.3, "deaths": 874}, {"date": "2020-04-23", "cases": 50.9, "hospital": 18.0, "deaths": 893}, {"date": "2020-04-22", "cases": 50.6, "hospital": 18.9, "deaths": 939}, {"date": "2020-04-21", "cases": 49.5, "hospital": 19.4, "deaths": 916}, {"date": "2020-04-20", "cases": 48.8, "hospital": 20.0, "deaths": 992}, {"date": "2020-04-19", "cases": 48.4, "hospital": 20.7, "deaths": 967}, {"date": "2020-04-18", "cases": 47.4, "hospital": 21.3, "deaths": 1030}, {"date": "2020-04-17", "cases": 45.6, "hospital": 22.2, "deaths": 1107}, {"date": "2020-04-16", "cases": 44.7, "hospital": 23.2, "deaths": 1147}, {"date": "2020-04-15", "cases": 44.2, "hospital": 24.2, "deaths": 1100}, {"date": "2020-04-14", "cases": 44.3, "hospital": 25.9, "deaths": 1080}, {"date": "2020-04-13", "cases": 46.1, "hospital": 27.5, "deaths": 1076}, {"date": "2020-04-12", "cases": 47.8, "hospital": 28.9, "deaths": 1208}, {"date": "2020-04-11", "cases": 48.0, "hospital": 30.3, "deaths": 1203}, {"date": "2020-04-10", "cases": 48.6, "hospital": 31.4, "deaths": 1163}, {"date": "2020-04-09", "cases": 49.5, "hospital": 32.1, "deaths": 1177}, {"date": "2020-04-08", "cases": 49.6, "hospital": 33.1, "deaths": 1286}, {"date": "2020-04-07", "cases": 49.3, "hospital": 34.0, "deaths": 1145}, {"date": "2020-04-06", "cases": 47.9, "hospital": 33.4, "deaths": 1025}, {"date": "2020-04-05", "cases": 46.3, "hospital": 33.7, "deaths": 1063}, {"date": "2020-04-04", "cases": 45.2, "hospital": 33.0, "deaths": 1023}, {"date": "2020-04-03", "cases": 43.3, "hospital": 31.7, "deaths": 927}, {"date": "2020-04-02", "cases": 40.8, "hospital": 30.6, "deaths": 892}, {"date": "2020-04-01", "cases": 38.2, "hospital": 28.3, "deaths": 826}, {"date": "2020-03-31", "cases": 34.9, "hospital": 25.9, "deaths": 741}, {"date": "2020-03-30", "cases": 31.8, "hospital": 24.3, "deaths": 631}, {"date": "2020-03-29", "cases": 29.1, "hospital": 21.3, "deaths": 531}, {"date": "2020-03-28", "cases": 26.9, "hospital": 19.0, "deaths": 449}, {"date": "2020-03-27", "cases": 24.6, "hospital": 17.0, "deaths": 416}, {"date": "2020-03-26", "cases": 21.8, "hospital": 14.8, "deaths": 370}, {"date": "2020-03-25", "cases": 18.8, "hospital": 13.0, "deaths": 299}, {"date": "2020-03-24", "cases": 16.3, "hospital": null, "deaths": 237}, {"date": "2020-03-23", "cases": 13.9, "hospital": null, "deaths": 188}, {"date": "2020-03-22", "cases": 11.4, "hospital": null, "deaths": 172}, {"date": "2020-03-21", "cases": 9.9, "hospital": null, "deaths": 126}, {"date": "2020-03-20", "cases": 8.6, "hospital": null, "deaths": 109}, {"date": "2020-03-19", "cases": 7.4, "hospital": null, "deaths": 71}, {"date": "2020-03-18", "cases": 6.5, "hospital": null, "deaths": 66}, {"date": "2020-03-17", "cases": 5.5, "hospital": null, "deaths": 54}, {"date": "2020-03-16", "cases": 4.7, "hospital": null, "deaths": 44}, {"date": "2020-03-15", "cases": 4.0, "hospital": null, "deaths": 28}, {"date": "2020-03-14", "cases": 3.4, "hospital": null, "deaths": 19}, {"date": "2020-03-13", "cases": 2.9, "hospital": null, "deaths": 16}, {"date": "2020-03-12", "cases": 2.3, "hospital": null, "deaths": 11}, {"date": "2020-03-11", "cases": 1.7, "hospital": null, "deaths": 7}, {"date": "2020-03-10", "cases": 1.1, "hospital": null, "deaths": 3}, {"date": "2020-03-09", "cases": 0.8, "hospital": null, "deaths": 5}, {"date": "2020-03-08", "cases": 0.6, "hospital": null, "deaths": 2}, {"date": "2020-03-07", "cases": 0.6, "hospital": null, "deaths": 0}, {"date": "2020-03-06", "cases": 0.5, "hospital": null, "deaths": 2}, {"date": "2020-03-05", "cases": 0.4, "hospital": null, "deaths": 2}, {"date": "2020-03-04", "cases": 0.3, "hospital": null, "deaths": 1}, {"date": "2020-03-03", "cases": 0.2, "hospital": null, "deaths": 0}, {"date": "2020-03-02", "cases": 0.1, "hospital": null, "deaths": 1}, {"date": "2020-03-01", "cases": 0.1, "hospital": null, "deaths": 0}, {"date": "2020-02-29", "cases": 0.1, "hospital": null, "deaths": 0}, {"date": "2020-02-28", "cases": 0.1, "hospital": null, "deaths": 0}, {"date": "2020-02-27", "cases": null, "hospital": null, "deaths": 0}, {"date": "2020-02-26", "cases": null, "hospital": null, "deaths": 0}, {"date": "2020-02-25", "cases": null, "hospital": null, "deaths": 0}, {"date": "2020-02-24", "cases": null, "hospital": null, "deaths": 0}, {"date": "2020-02-23", "cases": null, "hospital": null, "deaths": 0}, {"date": "2020-02-22", "cases": null, "hospital": null, "deaths": 1}, {"date": "2020-02-21", "cases": null, "hospital": null, "deaths": 0}, {"date": "2020-02-20", "cases": null, "hospital": null, "deaths": 0}, {"date": "2020-02-19", "cases": null, "hospital": null, "deaths": 0}, {"date": "2020-02-18", "cases": null, "hospital": null, "deaths": 0}, {"date": "2020-02-17", "cases": null, "hospital": null, "deaths": 0}, {"date": "2020-02-16", "cases": null, "hospital": null, "deaths": 0}, {"date": "2020-02-15", "cases": null, "hospital": null, "deaths": 0}, {"date": "2020-02-14", "cases": null, "hospital": null, "deaths": 0}, {"date": "2020-02-13", "cases": null, "hospital": null, "deaths": 0}, {"date": "2020-02-12", "cases": null, "hospital": null, "deaths": 0}, {"date": "2020-02-11", "cases": null, "hospital": null, "deaths": 0}, {"date": "2020-02-10", "cases": null, "hospital": null, "deaths": 0}, {"date": "2020-02-09", "cases": null, "hospital": null, "deaths": 0}, {"date": "2020-02-08", "cases": null, "hospital": null, "deaths": 0}, {"date": "2020-02-07", "cases": null, "hospital": null, "deaths": 0}, {"date": "2020-02-06", "cases": null, "hospital": null, "deaths": 0}, {"date": "2020-02-05", "cases": null, "hospital": null, "deaths": 0}, {"date": "2020-02-04", "cases": null, "hospital": null, "deaths": 0}, {"date": "2020-02-03", "cases": null, "hospital": null, "deaths": 0}, {"date": "2020-02-02", "cases": null, "hospital": null, "deaths": 1}, {"date": "2020-02-01", "cases": null, "hospital": null, "deaths": 0}, {"date": "2020-01-31", "cases": null, "hospital": null, "deaths": 0}, {"date": "2020-01-30", "cases": null, "hospital": null, "deaths": 1}], "lastUpdate": "2023-10-19T17:00:02.000000Z", "length": 1354, "totalPages": 1}